timestamp,LX,LY,RX,RY,LT,RT,A,B,pose_x,pose_x_std,pose_y,pose_y_std,pose_theta,pose_theta_std
2025-09-19T22:54:22.840,0.0,3.0517578125e-05,0.0,3.0517578125e-05,-1.0,-1.0,0,0,,,,,,
2025-09-19T22:54:22.892,0.0,3.0517578125e-05,0.0,3.0517578125e-05,-1.0,-1.0,0,0,,,,,,
2025-09-19T22:54:22.995,0.0,3.0517578125e-05,0.0,3.0517578125e-05,-1.0,-1.0,0,0,0.0,0.1,0.0,0.1,0.0,4.4
2025-09-19T22:54:23.077,0.0,3.0517578125e-05,0.0,3.0517578125e-05,-1.0,-1.0,0,0,0.0,0.1,0.0,0.1,0.0,4.4
2025-09-19T22:54:23.152,0.0,3.0517578125e-05,0.0,3.0517578125e-05,-1.0,-1.0,0,0,0.0,0.1,0.0,0.1,0.0,4.4
2025-09-19T22:54:23.219,0.0,3.0517578125e-05,0.0,3.0517578125e-05,-1.0,-1.0,0,0,,,,,,
2025-09-19T22:54:23.285,0.0,3.0517578125e-05,0.0,3.0517578125e-05,-1.0,-1.0,0,0,0.0,0.1,0.0,0.1,0.0,4.4
2025-09-19T22:54:23.351,0.0,3.0517578125e-05,0.0,3.0517578125e-05,-1.0,-1.0,0,0,0.0,0.1,0.0,0.1,0.0,4.4
2025-09-19T22:54:23.418,0.0,3.0517578125e-05,0.0,3.0517578125e-05,-1.0,-1.0,0,0,,,,,,
2025-09-19T22:54:23.485,0.0,3.0517578125e-05,0.0,3.0517578125e-05,-1.0,-1.0,0,0,0.0,0.1,0.0,0.1,0.0,4.4
2025-09-19T22:54:23.552,0.0,3.0517578125e-05,0.0,3.0517578125e-05,-1.0,-1.0,0,0,0.0,0.1,0.0,0.1,0.0,4.4
2025-09-19T22:54:23.620,0.0,3.0517578125e-05,0.0,3.0517578125e-05,-1.0,-1.0,0,0,,,,,,
2025-09-19T22:54:23.672,0.0,3.0517578125e-05,0.0,3.0517578125e-05,-1.0,-1.0,0,0,0.0,0.1,0.0,0.1,0.0,4.4
2025-09-19T22:54:23.738,0.0,3.0517578125e-05,0.0,3.0517578125e-05,-1.0,-1.0,0,0,,,,,,
2025-09-19T22:54:23.803,0.0,3.0517578125e-05,0.0,3.0517578125e-05,-1.0,-1.0,0,0,0.0,0.1,0.0,0.1,0.0,4.4
2025-09-19T22:54:23.869,0.0,3.0517578125e-05,0.0,3.0517578125e-05,-1.0,-1.0,0,0,0.0,0.1,0.0,0.1,0.0,4.4
2025-09-19T22:54:23.935,0.0,3.0517578125e-05,0.0,3.0517578125e-05,-1.0,-1.0,0,0,,,,,,
2025-09-19T22:54:24.001,0.0,3.0517578125e-05,0.0,3.0517578125e-05,-1.0,-1.0,0,0,0.0,0.1,0.0,0.1,0.0,4.4
2025-09-19T22:54:24.068,0.0,3.0517578125e-05,0.0,3.0517578125e-05,-1.0,-1.0,0,0,,,,,,
2025-09-19T22:54:24.133,0.0,3.0517578125e-05,0.0,3.0517578125e-05,-1.0,-1.0,0,0,0.0,0.1,0.0,0.1,0.0,4.4
2025-09-19T22:54:24.199,0.0,3.0517578125e-05,0.0,3.0517578125e-05,-1.0,-1.0,0,0,0.0,0.1,0.0,0.1,0.0,4.4
2025-09-19T22:54:24.266,0.0,3.0517578125e-05,0.0,3.0517578125e-05,-1.0,-1.0,0,0,,,,,,
2025-09-19T22:54:24.332,0.0,3.0517578125e-05,0.0,3.0517578125e-05,-1.0,-1.0,0,0,0.0,0.1,0.0,0.1,0.0,4.4
2025-09-19T22:54:24.398,0.0,3.0517578125e-05,0.0,3.0517578125e-05,-1.0,-1.0,0,0,0.0,0.1,0.0,0.1,0.0,4.4
2025-09-19T22:54:24.465,0.0,3.0517578125e-05,0.0,3.0517578125e-05,-1.0,-1.0,0,0,,,,,,
2025-09-19T22:54:24.531,0.0,3.0517578125e-05,0.0,3.0517578125e-05,-1.0,-1.0,0,0,0.0,0.1,0.0,0.1,0.0,4.4
2025-09-19T22:54:24.597,0.0,3.0517578125e-05,0.0,3.0517578125e-05,-1.0,-1.0,0,0,,,,,,
2025-09-19T22:54:24.662,0.0,3.0517578125e-05,0.0,3.0517578125e-05,-1.0,-1.0,0,0,,,,,,
2025-09-19T22:54:24.728,0.0,3.0517578125e-05,0.0,3.0517578125e-05,-1.0,-1.0,0,0,0.0,0.1,0.0,0.1,0.0,4.4
2025-09-19T22:54:24.793,0.0,3.0517578125e-05,0.0,3.0517578125e-05,-1.0,-1.0,0,0,0.0,0.1,0.0,0.1,0.0,4.4
2025-09-19T22:54:24.862,0.0,3.0517578125e-05,0.0,3.0517578125e-05,-1.0,-1.0,0,0,,,,,,
2025-09-19T22:54:24.931,0.0,3.0517578125e-05,0.0,3.0517578125e-05,-1.0,-1.0,0,0,,,,,,
2025-09-19T22:54:25.001,0.0,3.0517578125e-05,0.0,3.0517578125e-05,-1.0,-1.0,0,0,0.0,0.1,0.0,0.1,0.0,4.4
2025-09-19T22:54:25.071,0.0,3.0517578125e-05,0.0,3.0517578125e-05,-1.0,-1.0,0,0,0.0,0.1,0.0,0.1,0.0,4.4
2025-09-19T22:54:25.141,0.0,3.0517578125e-05,0.0,3.0517578125e-05,-1.0,-1.0,0,0,0.0,0.1,0.0,0.1,0.0,4.4
2025-09-19T22:54:25.211,0.0,3.0517578125e-05,0.0,3.0517578125e-05,-1.0,-1.0,0,0,0.0,0.1,0.0,0.1,0.0,4.4
2025-09-19T22:54:25.280,0.0,3.0517578125e-05,0.0,3.0517578125e-05,-1.0,-1.0,0,0,0.0,0.1,0.0,0.1,0.0,4.4
2025-09-19T22:54:25.348,0.0,3.0517578125e-05,0.0,3.0517578125e-05,-1.0,-1.0,0,0,,,,,,
2025-09-19T22:54:25.417,0.0,3.0517578125e-05,0.0,3.0517578125e-05,-1.0,-1.0,0,0,,,,,,
2025-09-19T22:54:25.487,0.0,3.0517578125e-05,0.0,3.0517578125e-05,-1.0,-1.0,0,0,0.0,0.1,0.0,0.1,0.0,4.4
2025-09-19T22:54:25.556,0.0,3.0517578125e-05,0.0,3.0517578125e-05,-1.0,-1.0,0,0,0.0,0.1,0.0,0.1,0.0,4.4
2025-09-19T22:54:25.624,0.0,3.0517578125e-05,0.0,3.0517578125e-05,-1.0,-1.0,0,0,0.0,0.1,0.0,0.1,0.0,4.4
2025-09-19T22:54:25.693,0.0,3.0517578125e-05,0.0,3.0517578125e-05,-1.0,-1.0,0,0,,,,,,
2025-09-19T22:54:25.762,0.0,3.0517578125e-05,0.0,3.0517578125e-05,-1.0,-1.0,0,0,0.0,0.1,0.0,0.1,0.0,4.4
2025-09-19T22:54:25.831,0.0,3.0517578125e-05,0.0,3.0517578125e-05,-1.0,-1.0,0,0,0.0,0.1,0.0,0.1,0.0,4.4
2025-09-19T22:54:25.900,0.0,3.0517578125e-05,0.0,3.0517578125e-05,-1.0,-1.0,0,0,,,,,,
2025-09-19T22:54:25.969,0.0,3.0517578125e-05,0.0,3.0517578125e-05,-1.0,-1.0,0,0,,,,,,
2025-09-19T22:54:26.037,0.0,3.0517578125e-05,0.0,3.0517578125e-05,-1.0,-1.0,0,0,0.0,0.1,0.0,0.1,0.0,4.4
2025-09-19T22:54:26.106,0.0,3.0517578125e-05,0.0,3.0517578125e-05,-1.0,-1.0,0,0,0.0,0.1,0.0,0.1,0.0,4.4
2025-09-19T22:54:26.174,0.0,3.0517578125e-05,0.0,3.0517578125e-05,-1.0,-1.0,0,0,0.0,0.1,0.0,0.1,0.0,4.4
2025-09-19T22:54:26.245,0.0,3.0517578125e-05,0.0,3.0517578125e-05,-1.0,-1.0,0,0,0.0,0.1,0.0,0.1,0.0,4.4
2025-09-19T22:54:26.313,0.0,3.0517578125e-05,0.0,3.0517578125e-05,-1.0,-1.0,0,0,0.0,0.1,0.0,0.1,0.0,4.4
2025-09-19T22:54:26.383,0.0,3.0517578125e-05,0.0,3.0517578125e-05,-1.0,-1.0,0,0,,,,,,
2025-09-19T22:54:26.450,0.0,3.0517578125e-05,0.0,3.0517578125e-05,-1.0,-1.0,0,0,0.0,0.1,0.0,0.1,0.0,4.4
2025-09-19T22:54:26.519,0.0,3.0517578125e-05,0.0,3.0517578125e-05,-1.0,-1.0,0,0,0.0,0.1,0.0,0.1,0.0,4.4
2025-09-19T22:54:26.588,0.0,3.0517578125e-05,0.0,3.0517578125e-05,-1.0,-1.0,0,0,,,,,,
2025-09-19T22:54:26.656,0.0,3.0517578125e-05,0.0,3.0517578125e-05,-1.0,-1.0,0,0,0.0,0.1,0.0,0.1,0.0,4.4
2025-09-19T22:54:26.726,0.0,3.0517578125e-05,0.0,3.0517578125e-05,-1.0,-1.0,0,0,0.0,0.1,0.0,0.1,0.0,4.4
2025-09-19T22:54:26.798,0.0,3.0517578125e-05,0.0,3.0517578125e-05,-1.0,-1.0,0,0,,,,,,
2025-09-19T22:54:26.867,0.0,3.0517578125e-05,0.0,3.0517578125e-05,-1.0,-1.0,0,0,0.0,0.1,0.0,0.1,0.0,4.4
2025-09-19T22:54:26.935,0.0,3.0517578125e-05,0.0,3.0517578125e-05,-1.0,-1.0,0,0,0.0,0.1,0.0,0.1,0.0,4.4
2025-09-19T22:54:27.012,0.0,3.0517578125e-05,0.0,3.0517578125e-05,-1.0,-1.0,0,0,,,,,,
2025-09-19T22:54:27.113,0.0,3.0517578125e-05,0.0,3.0517578125e-05,-1.0,-1.0,0,0,0.0,0.1,0.0,0.1,0.0,4.4
2025-09-19T22:54:27.255,0.0,3.0517578125e-05,0.0,3.0517578125e-05,-1.0,-1.0,0,0,0.0,0.1,0.0,0.1,0.0,4.4
2025-09-19T22:54:27.374,0.0,3.0517578125e-05,0.0,3.0517578125e-05,-1.0,-1.0,0,0,0.0,0.1,0.0,0.1,0.0,4.4
2025-09-19T22:54:27.490,0.0,3.0517578125e-05,0.0,3.0517578125e-05,-1.0,-1.0,0,0,0.0,0.1,0.0,0.1,0.0,4.4
2025-09-19T22:54:27.601,0.0,3.0517578125e-05,0.0,3.0517578125e-05,-1.0,-1.0,0,0,0.0,0.1,0.0,0.1,0.0,4.4
2025-09-19T22:54:27.710,0.0,3.0517578125e-05,0.0,3.0517578125e-05,-1.0,-1.0,0,0,0.0,0.1,0.0,0.1,0.0,4.4
2025-09-19T22:54:27.819,0.0,3.0517578125e-05,0.0,3.0517578125e-05,-1.0,-1.0,0,0,0.0,0.1,0.0,0.1,0.0,4.4
2025-09-19T22:54:27.927,0.0,3.0517578125e-05,0.0,3.0517578125e-05,-1.0,-1.0,0,0,0.0,0.1,0.0,0.1,0.0,4.4
2025-09-19T22:54:28.036,0.0,3.0517578125e-05,0.0,3.0517578125e-05,-1.0,-1.0,0,0,0.0,0.1,0.0,0.1,0.0,4.4
2025-09-19T22:54:28.146,0.0,3.0517578125e-05,0.0,3.0517578125e-05,-1.0,-1.0,0,0,0.0,0.1,0.0,0.1,0.0,4.4
2025-09-19T22:54:28.252,0.0,3.0517578125e-05,0.0,3.0517578125e-05,-1.0,-1.0,0,0,0.0,0.1,0.0,0.1,0.0,4.4
2025-09-19T22:54:28.359,0.0,3.0517578125e-05,0.0,3.0517578125e-05,-1.0,-1.0,0,0,0.0,0.1,0.0,0.1,0.0,4.4
2025-09-19T22:54:28.468,0.0,3.0517578125e-05,0.0,3.0517578125e-05,-1.0,-1.0,0,0,0.0,0.1,0.0,0.1,0.0,4.4
2025-09-19T22:54:28.604,0.0,3.0517578125e-05,0.0,3.0517578125e-05,-1.0,-1.0,0,0,0.0,0.1,0.0,0.1,0.0,4.4
2025-09-19T22:54:28.710,0.0,3.0517578125e-05,0.0,3.0517578125e-05,-1.0,-1.0,0,0,0.0,0.1,0.0,0.1,0.0,4.4
2025-09-19T22:54:28.819,0.0,3.0517578125e-05,0.0,3.0517578125e-05,-1.0,-1.0,0,0,0.0,0.1,0.0,0.1,0.0,4.4
2025-09-19T22:54:28.925,0.0,3.0517578125e-05,0.0,3.0517578125e-05,-1.0,-1.0,0,0,0.0,0.1,0.0,0.1,0.0,4.4
2025-09-19T22:54:29.031,0.0,3.0517578125e-05,0.0,3.0517578125e-05,-1.0,-1.0,0,0,0.0,0.1,0.0,0.1,0.0,4.4
2025-09-19T22:54:29.137,0.0,3.0517578125e-05,0.0,3.0517578125e-05,-1.0,-1.0,0,0,0.0,0.1,0.0,0.1,0.0,4.4
2025-09-19T22:54:29.241,0.0,3.0517578125e-05,0.0,3.0517578125e-05,-1.0,-1.0,0,0,0.0,0.1,0.0,0.1,0.0,4.4
2025-09-19T22:54:29.348,0.0,0.203155517578125,0.0,3.0517578125e-05,-1.0,-1.0,0,0,0.0,0.1,0.0,0.1,0.0,4.4
2025-09-19T22:54:29.452,0.0,0.328155517578125,0.0,3.0517578125e-05,-1.0,-1.0,0,0,0.0,0.1,0.0,0.1,0.0,4.4
2025-09-19T22:54:29.557,0.0,0.414093017578125,0.0,3.0517578125e-05,-1.0,-1.0,0,0,0.0,0.1,0.0,0.1,0.0,4.4
2025-09-19T22:54:29.661,0.0,0.500030517578125,0.0,3.0517578125e-05,-1.0,-1.0,0,0,0.0,0.1,0.0,0.1,0.0,4.4
2025-09-19T22:54:29.768,0.0,0.570343017578125,0.0,3.0517578125e-05,-1.0,-1.0,0,0,0.0,0.1,0.0,0.1,0.0,4.4
2025-09-19T22:54:29.874,0.0,0.656280517578125,0.0,3.0517578125e-05,-1.0,-1.0,0,0,0.0,0.1,0.0,0.1,0.0,4.4
2025-09-19T22:54:29.978,0.0,0.742218017578125,0.0,3.0517578125e-05,-1.0,-1.0,0,0,0.0,0.1,0.0,0.1,0.0,4.4
2025-09-19T22:54:30.085,0.0,0.828155517578125,0.0,3.0517578125e-05,-1.0,-1.0,0,0,0.0,0.1,0.0,0.1,0.0,4.4
2025-09-19T22:54:30.190,0.0,0.914093017578125,0.0,3.0517578125e-05,-1.0,-1.0,0,0,0.0064,0.1047,0.0,0.1,0.46,4.73
2025-09-19T22:54:30.298,0.0,0.976593017578125,0.0,3.0517578125e-05,-1.0,-1.0,0,0,0.0134,0.1065,0.0001,0.1,0.34,4.86
2025-09-19T22:54:30.410,0.0,1.0,0.0,3.0517578125e-05,-1.0,-1.0,0,0,0.0222,0.1097,0.0001,0.1,0.63,5.08
2025-09-19T22:54:30.518,0.0,1.0,0.0,3.0517578125e-05,-1.0,-1.0,0,0,0.0322,0.1117,0.0002,0.1,0.51,5.21
2025-09-19T22:54:30.632,0.0,1.0,0.0,3.0517578125e-05,-1.0,-1.0,0,0,0.0437,0.1129,0.0003,0.1001,0.46,5.28
2025-09-19T22:54:30.740,0.0,1.0,0.0,3.0517578125e-05,-1.0,-1.0,0,0,0.0571,0.115,0.0005,0.1001,0.56,5.41
2025-09-19T22:54:30.848,0.0,1.0,0.0,3.0517578125e-05,-1.0,-1.0,0,0,0.0717,0.1175,0.0006,0.1002,0.41,5.58
2025-09-19T22:54:30.956,0.0,1.0,0.0,3.0517578125e-05,-1.0,-1.0,0,0,0.0886,0.1198,0.0007,0.1003,0.5,5.72
2025-09-19T22:54:31.065,0.0,1.0,0.0,3.0517578125e-05,-1.0,-1.0,0,0,0.1063,0.1229,0.0008,0.1005,0.3,5.92
2025-09-19T22:54:31.173,0.0,1.0,0.0,3.0517578125e-05,-1.0,-1.0,0,0,0.1263,0.1248,0.0009,0.1007,0.25,6.03
2025-09-19T22:54:31.280,0.0,1.0,0.0,3.0517578125e-05,-1.0,-1.0,0,0,0.1482,0.1283,0.001,0.1009,0.03,6.25
2025-09-19T22:54:31.390,0.0,1.0,0.0,3.0517578125e-05,-1.0,-1.0,0,0,0.1698,0.1303,0.001,0.1013,0.05,6.36
2025-09-19T22:54:31.500,0.0,1.0,0.0,3.0517578125e-05,-1.0,-1.0,0,0,0.1895,0.1329,0.001,0.1016,-0.1,6.53
2025-09-19T22:54:31.609,0.0,1.0,0.0,3.0517578125e-05,-1.0,-1.0,0,0,0.2084,0.1354,0.0009,0.102,-0.22,6.67
2025-09-19T22:54:31.719,0.0,1.0,0.0,3.0517578125e-05,-1.0,-1.0,0,0,0.2274,0.1374,0.0009,0.1024,-0.29,6.8
2025-09-19T22:54:31.826,0.0,1.0,0.0,3.0517578125e-05,-1.0,-1.0,0,0,0.2466,0.1397,0.0008,0.1029,-0.39,6.93
2025-09-19T22:54:31.936,0.0,1.0,0.0,3.0517578125e-05,-1.0,-1.0,0,0,0.2658,0.1418,0.0006,0.1034,-0.48,7.06
2025-09-19T22:54:32.043,0.0,1.0,0.0,3.0517578125e-05,-1.0,-1.0,0,0,0.2848,0.1433,0.0004,0.104,-0.53,7.15
2025-09-19T22:54:32.152,0.0,1.0,0.0,3.0517578125e-05,-1.0,-1.0,0,0,0.3037,0.1457,0.0002,0.1046,-0.67,7.29
2025-09-19T22:54:32.263,0.0,1.0,0.0,3.0517578125e-05,-1.0,-1.0,0,0,0.3227,0.1472,0.0,0.1053,-0.7,7.37
2025-09-19T22:54:32.374,0.0,1.0,0.0,3.0517578125e-05,-1.0,-1.0,0,0,0.3419,0.1487,-0.0002,0.106,-0.75,7.46
2025-09-19T22:54:32.486,0.0,1.0,0.0,3.0517578125e-05,-1.0,-1.0,0,0,0.3613,0.1507,-0.0005,0.1068,-0.84,7.58
2025-09-19T22:54:32.598,0.0,1.0,0.0,3.0517578125e-05,-1.0,-1.0,0,0,0.3807,0.1522,-0.0008,0.1077,-0.82,7.66
2025-09-19T22:54:32.711,0.0,1.0,0.0,3.0517578125e-05,-1.0,-1.0,0,0,0.4002,0.1545,-0.0011,0.1086,-0.95,7.79
2025-09-19T22:54:32.822,0.0,1.0,0.0,3.0517578125e-05,-1.0,-1.0,0,0,0.4193,0.1562,-0.0014,0.1096,-1.01,7.89
2025-09-19T22:54:32.933,0.0,1.0,0.0,3.0517578125e-05,-1.0,-1.0,0,0,0.4385,0.1576,-0.0018,0.1106,-1.06,7.97
2025-09-19T22:54:33.042,0.0,1.0,0.0,3.0517578125e-05,-1.0,-1.0,0,0,0.4574,0.1595,-0.0021,0.1116,-1.14,8.08
2025-09-19T22:54:33.152,0.0,1.0,0.0,3.0517578125e-05,-1.0,-1.0,0,0,0.4765,0.1608,-0.0025,0.1127,-1.11,8.16
2025-09-19T22:54:33.264,0.0,1.0,0.0,3.0517578125e-05,-1.0,-1.0,0,0,0.4962,0.1622,-0.0029,0.1139,-1.06,8.24
2025-09-19T22:54:33.379,0.0,1.0,0.0,3.0517578125e-05,-1.0,-1.0,0,0,0.5159,0.1642,-0.0032,0.1152,-1.15,8.35
2025-09-19T22:54:33.487,0.0,1.0,0.0,3.0517578125e-05,-1.0,-1.0,0,0,0.5354,0.1658,-0.0037,0.1165,-1.21,8.44
2025-09-19T22:54:33.597,0.0,1.0,0.0,3.0517578125e-05,-1.0,-1.0,0,0,0.5563,0.1673,-0.0041,0.118,-1.19,8.53
2025-09-19T22:54:33.709,0.0,1.0,0.0,3.0517578125e-05,-1.0,-1.0,0,0,0.5753,0.1691,-0.0045,0.1193,-1.3,8.63
2025-09-19T22:54:33.820,0.0,1.0,0.0,3.0517578125e-05,-1.0,-1.0,0,0,0.5943,0.1704,-0.0049,0.1208,-1.28,8.71
2025-09-19T22:54:33.933,0.0,1.0,0.0,3.0517578125e-05,-1.0,-1.0,0,0,0.6129,0.1724,-0.0054,0.1222,-1.42,8.82
2025-09-19T22:54:34.048,0.0,1.0,0.0,3.0517578125e-05,-1.0,-1.0,0,0,0.632,0.174,-0.0058,0.1238,-1.37,8.91
2025-09-19T22:54:34.162,0.0,1.0,0.0,3.0517578125e-05,-1.0,-1.0,0,0,0.6509,0.1758,-0.0063,0.1254,-1.48,9.02
2025-09-19T22:54:34.275,0.0,1.0,0.0,3.0517578125e-05,-1.0,-1.0,0,0,0.6698,0.1771,-0.0068,0.127,-1.53,9.09
2025-09-19T22:54:34.390,0.0,1.0,0.0,3.0517578125e-05,-1.0,-1.0,0,0,0.6889,0.1786,-0.0073,0.1287,-1.6,9.18
2025-09-19T22:54:34.500,0.0,1.0,0.0,3.0517578125e-05,-1.0,-1.0,0,0,0.7076,0.1798,-0.0079,0.1304,-1.65,9.24
2025-09-19T22:54:34.611,0.0,1.0,0.0,3.0517578125e-05,-1.0,-1.0,0,0,0.7267,0.1811,-0.0084,0.1322,-1.64,9.31
2025-09-19T22:54:34.723,0.0,1.0,0.0,3.0517578125e-05,-1.0,-1.0,0,0,0.7456,0.1827,-0.009,0.134,-1.72,9.4
2025-09-19T22:54:34.834,0.0,1.0,0.0,3.0517578125e-05,-1.0,-1.0,0,0,0.765,0.1844,-0.0095,0.1359,-1.62,9.5
2025-09-19T22:54:34.947,0.0,1.0,0.0,3.0517578125e-05,-1.0,-1.0,0,0,0.7841,0.1863,-0.0101,0.1379,-1.76,9.61
2025-09-19T22:54:35.061,0.0,1.0,0.0,3.0517578125e-05,-1.0,-1.0,0,0,0.8035,0.1877,-0.0107,0.1399,-1.7,9.7
2025-09-19T22:54:35.176,0.0,1.0,0.0,3.0517578125e-05,-1.0,-1.0,0,0,0.8232,0.1893,-0.0113,0.142,-1.78,9.78
2025-09-19T22:54:35.288,0.0,1.0,0.0,3.0517578125e-05,-1.0,-1.0,0,0,0.8419,0.191,-0.0119,0.144,-1.9,9.88
2025-09-19T22:54:35.401,0.0,1.0,0.0,3.0517578125e-05,-1.0,-1.0,0,0,0.8611,0.1925,-0.0125,0.1461,-1.84,9.97
2025-09-19T22:54:35.512,0.0,1.0,0.0,3.0517578125e-05,-1.0,-1.0,0,0,0.8799,0.194,-0.0131,0.1483,-1.93,10.06
2025-09-19T22:54:35.624,0.0,1.0,0.0,3.0517578125e-05,-1.0,-1.0,0,0,0.8999,0.1957,-0.0138,0.1506,-1.83,10.15
2025-09-19T22:54:35.736,0.0,1.0,0.0,3.0517578125e-05,-1.0,-1.0,0,0,0.9188,0.1971,-0.0144,0.1528,-1.9,10.23
2025-09-19T22:54:35.848,0.0,1.0,0.0,3.0517578125e-05,-1.0,-1.0,0,0,0.9375,0.1982,-0.015,0.1551,-1.92,10.29
2025-09-19T22:54:35.960,0.0,1.0,0.0,3.0517578125e-05,-1.0,-1.0,0,0,0.9593,0.1999,-0.0158,0.1577,-2.01,10.39
2025-09-19T22:54:36.072,0.0,1.0,0.0,3.0517578125e-05,-1.0,-1.0,0,0,0.9781,0.201,-0.0164,0.1601,-2.03,10.45
2025-09-19T22:54:36.184,0.0,1.0,0.0,3.0517578125e-05,-1.0,-1.0,0,0,0.9968,0.202,-0.0171,0.1624,-2.07,10.5
2025-09-19T22:54:36.299,0.0,1.0,0.0,3.0517578125e-05,-1.0,-1.0,0,0,1.0158,0.2031,-0.0178,0.1649,-2.06,10.56
2025-09-19T22:54:36.414,0.0,1.0,0.0,3.0517578125e-05,-1.0,-1.0,0,0,1.0348,0.2042,-0.0185,0.1674,-2.07,10.62
2025-09-19T22:54:36.529,0.0,1.0,0.0,3.0517578125e-05,-1.0,-1.0,0,0,1.0536,0.2053,-0.0191,0.1699,-2.11,10.68
2025-09-19T22:54:36.644,0.0,1.0,0.0,3.0517578125e-05,-1.0,-1.0,0,0,1.0722,0.2066,-0.0198,0.1724,-2.17,10.76
2025-09-19T22:54:36.755,0.0,1.0,0.0,3.0517578125e-05,-1.0,-1.0,0,0,1.0913,0.208,-0.0206,0.175,-2.11,10.83
2025-09-19T22:54:36.867,0.0,1.0,0.0,3.0517578125e-05,-1.0,-1.0,0,0,1.1099,0.2095,-0.0213,0.1775,-2.24,10.92
2025-09-19T22:54:36.976,0.0,1.0,0.0,3.0517578125e-05,-1.0,-1.0,0,0,1.1288,0.2106,-0.022,0.1802,-2.27,10.98
2025-09-19T22:54:37.085,0.0,1.0,0.0,3.0517578125e-05,-1.0,-1.0,0,0,1.1475,0.2116,-0.0228,0.1828,-2.32,11.04
2025-09-19T22:54:37.195,0.0,1.0,0.0,3.0517578125e-05,-1.0,-1.0,0,0,1.1667,0.2131,-0.0235,0.1856,-2.21,11.12
2025-09-19T22:54:37.307,0.0,1.0,0.0,3.0517578125e-05,-1.0,-1.0,0,0,1.1854,0.2145,-0.0243,0.1883,-2.31,11.2
2025-09-19T22:54:37.417,0.0,1.0,0.0,3.0517578125e-05,-1.0,-1.0,0,0,1.2041,0.2159,-0.025,0.1911,-2.4,11.28
2025-09-19T22:54:37.526,0.0,1.0,0.0,3.0517578125e-05,-1.0,-1.0,0,0,1.223,0.2169,-0.0258,0.1939,-2.37,11.33
2025-09-19T22:54:37.638,0.0,1.0,0.0,3.0517578125e-05,-1.0,-1.0,0,0,1.2418,0.2181,-0.0266,0.1967,-2.42,11.4
2025-09-19T22:54:37.749,0.0,1.0,0.0,3.0517578125e-05,-1.0,-1.0,0,0,1.2608,0.2191,-0.0274,0.1996,-2.4,11.45
2025-09-19T22:54:37.860,0.0,1.0,0.0,3.0517578125e-05,-1.0,-1.0,0,0,1.28,0.2207,-0.0282,0.2025,-2.54,11.55
2025-09-19T22:54:37.970,0.0,1.0,0.0,3.0517578125e-05,-1.0,-1.0,0,0,1.2993,0.2224,-0.0291,0.2055,-2.37,11.64
2025-09-19T22:54:38.082,0.0,1.0,0.0,3.0517578125e-05,-1.0,-1.0,0,0,1.3179,0.2238,-0.0298,0.2084,-2.49,11.73
2025-09-19T22:54:38.193,0.0,1.0,0.0,3.0517578125e-05,-1.0,-1.0,0,0,1.3369,0.2252,-0.0307,0.2114,-2.41,11.8
2025-09-19T22:54:38.304,0.0,1.0,0.0,3.0517578125e-05,-1.0,-1.0,0,0,1.3553,0.2265,-0.0314,0.2144,-2.52,11.88
2025-09-19T22:54:38.417,0.0,0.945343017578125,0.0,3.0517578125e-05,-1.0,-1.0,0,0,1.3744,0.2279,-0.0323,0.2174,-2.42,11.95
2025-09-19T22:54:38.529,0.0,0.914093017578125,0.0,3.0517578125e-05,-1.0,-1.0,0,0,1.393,0.2292,-0.0331,0.2205,-2.53,12.03
2025-09-19T22:54:38.640,0.0,0.890655517578125,0.0,3.0517578125e-05,-1.0,-1.0,0,0,1.412,0.2302,-0.0339,0.2236,-2.5,12.08
2025-09-19T22:54:38.754,0.0,0.867218017578125,0.0,3.0517578125e-05,-1.0,-1.0,0,0,1.4306,0.2317,-0.0347,0.2267,-2.66,12.17
2025-09-19T22:54:38.867,0.0,0.835968017578125,0.0,3.0517578125e-05,-1.0,-1.0,0,0,1.4493,0.2326,-0.0356,0.2298,-2.68,12.22
2025-09-19T22:54:38.981,0.0,0.796905517578125,0.0,3.0517578125e-05,-1.0,-1.0,0,0,1.4448,0.2335,-0.0354,0.229,-2.51,12.27
2025-09-19T22:54:39.098,0.0,0.781280517578125,0.0,3.0517578125e-05,-1.0,-1.0,0,0,1.4545,0.2346,-0.0359,0.2307,-2.67,12.34
2025-09-19T22:54:39.212,0.0,0.765655517578125,0.0,3.0517578125e-05,-1.0,-1.0,0,0,1.4802,0.2365,-0.0371,0.235,-2.85,12.44
2025-09-19T22:54:39.328,0.0,0.734405517578125,0.0,3.0517578125e-05,-1.0,-1.0,0,0,1.4996,0.2383,-0.038,0.2383,-2.62,12.55
2025-09-19T22:54:39.443,0.0,0.718780517578125,0.0,3.0517578125e-05,-1.0,-1.0,0,0,1.5157,0.2391,-0.0388,0.2411,-2.65,12.59
2025-09-19T22:54:39.560,0.0,0.703155517578125,0.0,3.0517578125e-05,-1.0,-1.0,0,0,1.5336,0.2407,-0.0396,0.2442,-2.43,12.69
2025-09-19T22:54:39.675,0.0,0.687530517578125,0.0,3.0517578125e-05,-1.0,-1.0,0,0,1.5499,0.2418,-0.0403,0.2471,-2.51,12.74
2025-09-19T22:54:39.792,0.0,0.664093017578125,0.0,3.0517578125e-05,-1.0,-1.0,0,0,1.5661,0.243,-0.041,0.2499,-2.38,12.82
2025-09-19T22:54:39.903,0.0,0.625030517578125,0.0,3.0517578125e-05,-1.0,-1.0,0,0,1.5814,0.2438,-0.0416,0.2526,-2.41,12.86
2025-09-19T22:54:40.015,0.0,0.570343017578125,0.0,3.0517578125e-05,-1.0,-1.0,0,0,1.5963,0.245,-0.0422,0.2553,-2.28,12.92
2025-09-19T22:54:40.124,0.0,0.531280517578125,0.0,3.0517578125e-05,-1.0,-1.0,0,0,1.6112,0.2459,-0.0428,0.258,-2.21,12.98
2025-09-19T22:54:40.234,0.0,0.492218017578125,0.0,3.0517578125e-05,-1.0,-1.0,0,0,1.6256,0.2466,-0.0433,0.2606,-2.16,13.01
2025-09-19T22:54:40.346,0.0,0.437530517578125,0.0,3.0517578125e-05,-1.0,-1.0,0,0,1.6211,0.247,-0.0432,0.2598,-2.1,13.04
2025-09-19T22:54:40.456,0.0,0.382843017578125,0.0,3.0517578125e-05,-1.0,-1.0,0,0,1.6328,0.248,-0.0436,0.2619,-2.21,13.09
2025-09-19T22:54:40.568,0.0,0.359405517578125,0.0,3.0517578125e-05,-1.0,-1.0,0,0,1.6517,0.2489,-0.0443,0.2653,-2.25,13.14
2025-09-19T22:54:40.682,0.0,0.296905517578125,0.0,3.0517578125e-05,-1.0,-1.0,0,0,1.6475,0.2511,-0.0442,0.2646,-1.66,13.28
2025-09-19T22:54:40.791,0.0,3.0517578125e-05,0.0,3.0517578125e-05,-1.0,-1.0,0,0,1.6568,0.252,-0.0445,0.2663,-1.8,13.33
2025-09-19T22:54:40.902,0.0,3.0517578125e-05,0.0,3.0517578125e-05,-1.0,-1.0,0,0,1.676,0.2529,-0.0451,0.2698,-1.84,13.38
2025-09-19T22:54:41.012,0.0,3.0517578125e-05,0.0,3.0517578125e-05,-1.0,-1.0,0,0,1.6855,0.2545,-0.0454,0.2716,-1.49,13.48
2025-09-19T22:54:41.120,0.0,3.0517578125e-05,0.0,3.0517578125e-05,-1.0,-1.0,0,0,1.6972,0.2558,-0.0456,0.2737,-1.26,13.55
2025-09-19T22:54:41.231,0.0,3.0517578125e-05,0.0,3.0517578125e-05,-1.0,-1.0,0,0,1.7078,0.2565,-0.0459,0.2757,-1.32,13.59
2025-09-19T22:54:41.340,0.0,3.0517578125e-05,0.0,3.0517578125e-05,-1.0,-1.0,0,0,1.7169,0.2576,-0.0461,0.2774,-1.12,13.65
2025-09-19T22:54:41.449,0.0,3.0517578125e-05,0.0,3.0517578125e-05,-1.0,-1.0,0,0,1.7256,0.2582,-0.0462,0.2791,-1.05,13.69
2025-09-19T22:54:41.557,0.0,3.0517578125e-05,0.0,3.0517578125e-05,-1.0,-1.0,0,0,1.7335,0.2593,-0.0464,0.2806,-0.84,13.75
2025-09-19T22:54:41.667,0.0,3.0517578125e-05,0.0,3.0517578125e-05,-1.0,-1.0,0,0,1.7397,0.2598,-0.0465,0.2817,-0.77,13.78
2025-09-19T22:54:41.775,0.0,3.0517578125e-05,0.0,3.0517578125e-05,-1.0,-1.0,0,0,1.7465,0.2611,-0.0465,0.283,-0.46,13.86
2025-09-19T22:54:41.886,0.0,3.0517578125e-05,0.0,3.0517578125e-05,-1.0,-1.0,0,0,1.7514,0.2619,-0.0466,0.284,-0.31,13.91
2025-09-19T22:54:41.993,0.0,3.0517578125e-05,0.0,3.0517578125e-05,-1.0,-1.0,0,0,1.7486,0.2639,-0.0465,0.2834,-0.88,14.03
2025-09-19T22:54:42.103,0.0,3.0517578125e-05,0.0,3.0517578125e-05,-1.0,-1.0,0,0,1.7481,0.2648,-0.0465,0.2834,-0.6,14.08
2025-09-19T22:54:42.212,0.0,3.0517578125e-05,0.0,3.0517578125e-05,-1.0,-1.0,0,0,1.7484,0.2651,-0.0465,0.2834,-0.52,14.1
2025-09-19T22:54:42.320,0.0,3.0517578125e-05,0.0,3.0517578125e-05,-1.0,-1.0,0,0,1.7477,0.2651,-0.0465,0.2833,-0.51,14.1
2025-09-19T22:54:42.431,0.0,3.0517578125e-05,0.0,3.0517578125e-05,-1.0,-1.0,0,0,1.7476,0.2651,-0.0465,0.2833,-0.54,14.1
2025-09-19T22:54:42.541,0.0,3.0517578125e-05,0.0,3.0517578125e-05,-1.0,-1.0,0,0,1.7476,0.2651,-0.0465,0.2833,-0.54,14.1
2025-09-19T22:54:42.653,0.0,3.0517578125e-05,0.0,3.0517578125e-05,-1.0,-1.0,0,0,1.7476,0.2651,-0.0465,0.2833,-0.54,14.1
2025-09-19T22:54:42.764,0.0,3.0517578125e-05,0.0,3.0517578125e-05,-1.0,-1.0,0,0,1.7476,0.2651,-0.0465,0.2833,-0.54,14.1
2025-09-19T22:54:42.873,0.0,3.0517578125e-05,0.0,3.0517578125e-05,-1.0,-1.0,0,0,1.7476,0.2651,-0.0465,0.2833,-0.54,14.1
2025-09-19T22:54:42.984,0.0,3.0517578125e-05,0.0,3.0517578125e-05,-1.0,-1.0,0,0,1.7476,0.2651,-0.0465,0.2833,-0.54,14.1
2025-09-19T22:54:43.094,0.0,3.0517578125e-05,0.0,3.0517578125e-05,-1.0,-1.0,0,0,1.7476,0.2651,-0.0465,0.2833,-0.54,14.1
2025-09-19T22:54:43.203,0.0,3.0517578125e-05,0.0,3.0517578125e-05,-1.0,-1.0,0,0,1.7476,0.2651,-0.0465,0.2833,-0.54,14.1
2025-09-19T22:54:43.314,0.0,3.0517578125e-05,0.0,3.0517578125e-05,-1.0,-1.0,0,0,1.7476,0.2651,-0.0465,0.2833,-0.54,14.1
2025-09-19T22:54:43.422,0.0,3.0517578125e-05,0.0,3.0517578125e-05,-1.0,-1.0,0,0,1.7476,0.2651,-0.0465,0.2833,-0.54,14.1
2025-09-19T22:54:43.555,0.0,3.0517578125e-05,0.0,3.0517578125e-05,-1.0,-1.0,0,0,1.7476,0.2651,-0.0465,0.2833,-0.54,14.1
2025-09-19T22:54:43.661,0.0,0.078155517578125,0.0,3.0517578125e-05,-1.0,-1.0,0,0,1.7476,0.2651,-0.0465,0.2833,-0.54,14.1
2025-09-19T22:54:43.770,0.0,0.156280517578125,0.0,3.0517578125e-05,-1.0,-1.0,0,0,1.7476,0.2651,-0.0465,0.2833,-0.54,14.1
2025-09-19T22:54:43.881,0.0,0.203155517578125,0.0,3.0517578125e-05,-1.0,-1.0,0,0,1.7476,0.2651,-0.0465,0.2833,-0.54,14.1
2025-09-19T22:54:43.988,0.0,0.250030517578125,0.0,3.0517578125e-05,-1.0,-1.0,0,0,1.7476,0.2651,-0.0465,0.2833,-0.54,14.1
2025-09-19T22:54:44.096,0.0,0.281280517578125,0.0,3.0517578125e-05,-1.0,-1.0,0,0,1.7476,0.2651,-0.0465,0.2833,-0.54,14.1
2025-09-19T22:54:44.204,0.0,0.390655517578125,0.0,3.0517578125e-05,-1.0,-1.0,0,0,1.7476,0.2651,-0.0465,0.2833,-0.54,14.1
2025-09-19T22:54:44.314,0.0,0.437530517578125,0.0,3.0517578125e-05,-1.0,-1.0,0,0,1.7476,0.2651,-0.0465,0.2833,-0.54,14.1
2025-09-19T22:54:44.422,0.0,0.460968017578125,0.0,3.0517578125e-05,-1.0,-1.0,0,0,1.7476,0.2651,-0.0465,0.2833,-0.54,14.1
2025-09-19T22:54:44.529,0.0,0.492218017578125,0.0,3.0517578125e-05,-1.0,-1.0,0,0,1.7476,0.2651,-0.0465,0.2833,-0.54,14.1
2025-09-19T22:54:44.636,0.0,0.523468017578125,0.0,3.0517578125e-05,-1.0,-1.0,0,0,1.7476,0.2651,-0.0465,0.2833,-0.54,14.1
2025-09-19T22:54:44.742,0.0,0.546905517578125,0.0,3.0517578125e-05,-1.0,-1.0,0,0,1.7476,0.2651,-0.0465,0.2833,-0.54,14.1
2025-09-19T22:54:44.849,0.0,0.554718017578125,0.0,3.0517578125e-05,-1.0,-1.0,0,0,1.7476,0.2651,-0.0465,0.2833,-0.54,14.1
2025-09-19T22:54:44.956,0.0,0.585968017578125,0.0,3.0517578125e-05,-1.0,-1.0,0,0,1.7476,0.2651,-0.0465,0.2833,-0.54,14.1
2025-09-19T22:54:45.063,0.0,0.656280517578125,0.0,3.0517578125e-05,-1.0,-1.0,0,0,1.7498,0.2668,-0.0465,0.2837,-0.06,14.21
2025-09-19T22:54:45.170,0.0,0.687530517578125,0.0,3.0517578125e-05,-1.0,-1.0,0,0,1.7524,0.2673,-0.0465,0.2842,-0.17,14.23
2025-09-19T22:54:45.277,0.0,0.718780517578125,0.0,3.0517578125e-05,-1.0,-1.0,0,0,1.7566,0.2685,-0.0465,0.285,0.13,14.31
2025-09-19T22:54:45.385,0.0,0.789093017578125,0.0,3.0517578125e-05,-1.0,-1.0,0,0,1.7608,0.2686,-0.0465,0.2858,0.1,14.32
2025-09-19T22:54:45.493,0.0,0.804718017578125,0.0,3.0517578125e-05,-1.0,-1.0,0,0,1.766,0.2692,-0.0465,0.2868,0.2,14.35
2025-09-19T22:54:45.601,0.0,0.828155517578125,0.0,3.0517578125e-05,-1.0,-1.0,0,0,1.774,0.27,-0.0465,0.2883,0.34,14.39
2025-09-19T22:54:45.708,0.0,0.859405517578125,0.0,3.0517578125e-05,-1.0,-1.0,0,0,1.782,0.2706,-0.0464,0.2899,0.26,14.43
2025-09-19T22:54:45.817,0.0,0.882843017578125,0.0,3.0517578125e-05,-1.0,-1.0,0,0,1.7904,0.2714,-0.0464,0.2915,0.4,14.47
2025-09-19T22:54:45.925,0.0,0.937530517578125,0.0,3.0517578125e-05,-1.0,-1.0,0,0,1.7996,0.2718,-0.0463,0.2933,0.36,14.5
2025-09-19T22:54:46.032,0.0,1.0,0.0,3.0517578125e-05,-1.0,-1.0,0,0,1.8096,0.2722,-0.0463,0.2952,0.36,14.52
2025-09-19T22:54:46.139,0.0,1.0,0.0,3.0517578125e-05,-1.0,-1.0,0,0,1.8196,0.2726,-0.0462,0.2972,0.35,14.54
2025-09-19T22:54:46.248,0.0,1.0,0.0,3.0517578125e-05,-1.0,-1.0,0,0,1.8296,0.2731,-0.0461,0.2992,0.38,14.56
2025-09-19T22:54:46.356,0.0,1.0,0.0,3.0517578125e-05,-1.0,-1.0,0,0,1.8407,0.2735,-0.0461,0.3014,0.38,14.59
2025-09-19T22:54:46.464,0.0,1.0,0.0,3.0517578125e-05,-1.0,-1.0,0,0,1.8534,0.2741,-0.046,0.3039,0.36,14.62
2025-09-19T22:54:46.572,0.0,1.0,0.0,3.0517578125e-05,-1.0,-1.0,0,0,1.8662,0.2748,-0.0459,0.3065,0.28,14.66
2025-09-19T22:54:46.681,0.0,1.0,0.0,3.0517578125e-05,-1.0,-1.0,0,0,1.8803,0.2754,-0.0458,0.3093,0.31,14.69
2025-09-19T22:54:46.790,0.0,1.0,0.0,3.0517578125e-05,-1.0,-1.0,0,0,1.8951,0.2767,-0.0458,0.3123,0.11,14.76
2025-09-19T22:54:46.898,0.0,1.0,0.0,3.0517578125e-05,-1.0,-1.0,0,0,1.9101,0.2773,-0.0458,0.3154,0.06,14.8
2025-09-19T22:54:47.006,0.0,1.0,0.0,3.0517578125e-05,-1.0,-1.0,0,0,1.9259,0.2782,-0.0457,0.3186,0.13,14.85
2025-09-19T22:54:47.115,0.0,1.0,0.0,3.0517578125e-05,-1.0,-1.0,0,0,1.9416,0.2795,-0.0457,0.3218,-0.1,14.92
2025-09-19T22:54:47.227,0.0,1.0,0.0,3.0517578125e-05,-1.0,-1.0,0,0,1.9588,0.2808,-0.0457,0.3254,0.09,15.0
2025-09-19T22:54:47.336,0.0,1.0,0.0,3.0517578125e-05,-1.0,-1.0,0,0,1.9761,0.2824,-0.0458,0.329,-0.18,15.09
2025-09-19T22:54:47.446,0.0,1.0,0.0,3.0517578125e-05,-1.0,-1.0,0,0,1.996,0.2838,-0.0458,0.3332,0.01,15.16
2025-09-19T22:54:47.555,0.0,1.0,0.0,3.0517578125e-05,-1.0,-1.0,0,0,2.0142,0.2855,-0.0458,0.3371,-0.3,15.26
2025-09-19T22:54:47.663,0.0,1.0,0.0,3.0517578125e-05,-1.0,-1.0,0,0,2.0331,0.2862,-0.0459,0.3411,-0.32,15.3
2025-09-19T22:54:47.773,0.0,1.0,0.0,3.0517578125e-05,-1.0,-1.0,0,0,2.0519,0.2872,-0.0461,0.3451,-0.38,15.36
2025-09-19T22:54:47.881,0.0,1.0,0.0,3.0517578125e-05,-1.0,-1.0,0,0,2.0704,0.2882,-0.0462,0.3491,-0.48,15.41
2025-09-19T22:54:47.989,0.0,1.0,0.0,3.0517578125e-05,-1.0,-1.0,0,0,2.089,0.2893,-0.0464,0.3531,-0.61,15.48
2025-09-19T22:54:48.100,0.0,1.0,0.0,3.0517578125e-05,-1.0,-1.0,0,0,2.1075,0.2903,-0.0466,0.3572,-0.68,15.53
2025-09-19T22:54:48.208,0.0,1.0,0.0,3.0517578125e-05,-1.0,-1.0,0,0,2.1028,0.2927,-0.0466,0.3562,0.04,15.67
2025-09-19T22:54:48.317,0.0,1.0,0.0,3.0517578125e-05,-1.0,-1.0,0,0,2.1126,0.2936,-0.0466,0.3583,-0.13,15.72
2025-09-19T22:54:48.425,0.0,1.0,0.0,3.0517578125e-05,-1.0,-1.0,0,0,2.1383,0.2953,-0.0467,0.364,-0.38,15.82
2025-09-19T22:54:48.552,0.0,1.0,0.0,3.0517578125e-05,-1.0,-1.0,0,0,2.1578,0.2965,-0.0468,0.3683,-0.21,15.89
2025-09-19T22:54:48.661,0.0,1.0,0.0,3.0517578125e-05,-1.0,-1.0,0,0,2.175,0.2972,-0.0468,0.3721,-0.25,15.93
2025-09-19T22:54:48.770,0.0,1.0,0.0,3.0517578125e-05,-1.0,-1.0,0,0,2.1946,0.2981,-0.0469,0.3765,-0.31,15.98
2025-09-19T22:54:48.880,0.0,1.0,0.0,3.0517578125e-05,-1.0,-1.0,0,0,2.2154,0.2994,-0.0471,0.3813,-0.46,16.05
2025-09-19T22:54:48.989,0.0,1.0,0.0,3.0517578125e-05,-1.0,-1.0,0,0,2.2341,0.3003,-0.0472,0.3855,-0.39,16.1
2025-09-19T22:54:49.099,0.0,1.0,0.0,3.0517578125e-05,-1.0,-1.0,0,0,2.2527,0.3013,-0.0474,0.3898,-0.49,16.15
2025-09-19T22:54:49.208,0.0,1.0,0.0,3.0517578125e-05,-1.0,-1.0,0,0,2.2712,0.3024,-0.0475,0.394,-0.63,16.21
2025-09-19T22:54:49.320,0.0,1.0,0.0,3.0517578125e-05,-1.0,-1.0,0,0,2.2901,0.3031,-0.0477,0.3984,-0.58,16.25
2025-09-19T22:54:49.432,0.0,1.0,0.0,3.0517578125e-05,-1.0,-1.0,0,0,2.3087,0.3041,-0.0479,0.4027,-0.68,16.31
2025-09-19T22:54:49.544,0.0,1.0,0.0,3.0517578125e-05,-1.0,-1.0,0,0,2.3276,0.3048,-0.0482,0.4072,-0.64,16.35
2025-09-19T22:54:49.654,0.0,1.0,0.0,3.0517578125e-05,-1.0,-1.0,0,0,2.346,0.3061,-0.0484,0.4115,-0.83,16.41
2025-09-19T22:54:49.766,0.0,1.0,0.0,3.0517578125e-05,-1.0,-1.0,0,0,2.3647,0.3068,-0.0487,0.4159,-0.81,16.45
2025-09-19T22:54:49.877,0.0,1.0,0.0,3.0517578125e-05,-1.0,-1.0,0,0,2.3831,0.308,-0.049,0.4203,-0.98,16.52
2025-09-19T22:54:49.989,0.0,1.0,0.0,3.0517578125e-05,-1.0,-1.0,0,0,2.4019,0.3087,-0.0493,0.4248,-0.98,16.56
2025-09-19T22:54:50.099,0.0,1.0,0.0,3.0517578125e-05,-1.0,-1.0,0,0,2.4201,0.3098,-0.0496,0.4292,-1.13,16.62
2025-09-19T22:54:50.211,0.0,1.0,0.0,3.0517578125e-05,-1.0,-1.0,0,0,2.439,0.3105,-0.05,0.4337,-1.11,16.65
2025-09-19T22:54:50.321,0.0,1.0,0.0,3.0517578125e-05,-1.0,-1.0,0,0,2.4571,0.3116,-0.0504,0.4381,-1.29,16.72
2025-09-19T22:54:50.432,0.0,1.0,0.0,3.0517578125e-05,-1.0,-1.0,0,0,2.4527,0.3125,-0.0503,0.437,-1.06,16.77
2025-09-19T22:54:50.547,0.0,1.0,0.0,3.0517578125e-05,-1.0,-1.0,0,0,2.4629,0.3131,-0.0505,0.4395,-1.15,16.81
2025-09-19T22:54:50.659,0.0,1.0,0.0,3.0517578125e-05,-1.0,-1.0,0,0,2.489,0.3141,-0.051,0.4459,-1.14,16.86
2025-09-19T22:54:50.772,0.1171875,1.0,0.0,3.0517578125e-05,-1.0,-1.0,0,0,2.5084,0.3153,-0.0513,0.4506,-0.96,16.93
2025-09-19T22:54:50.884,0.0,3.0517578125e-05,0.0,3.0517578125e-05,-1.0,-1.0,0,0,2.5255,0.3159,-0.0516,0.4548,-1.0,16.96
2025-09-19T22:54:50.996,0.0,3.0517578125e-05,0.0,3.0517578125e-05,-1.0,-1.0,0,0,2.5449,0.3166,-0.052,0.4596,-0.98,17.0
2025-09-19T22:54:51.107,0.0,3.0517578125e-05,0.0,3.0517578125e-05,-1.0,-1.0,0,0,2.5642,0.3175,-0.0523,0.4644,-1.06,17.05
2025-09-19T22:54:51.221,0.0,3.0517578125e-05,0.0,3.0517578125e-05,-1.0,-1.0,0,0,2.5828,0.3185,-0.0526,0.4691,-0.96,17.1
2025-09-19T22:54:51.332,0.0,3.0517578125e-05,0.0,3.0517578125e-05,-1.0,-1.0,0,0,2.6012,0.3195,-0.053,0.4737,-1.08,17.15
2025-09-19T22:54:51.443,0.0,3.0517578125e-05,0.0,3.0517578125e-05,-1.0,-1.0,0,0,2.6195,0.3201,-0.0533,0.4783,-1.13,17.19
2025-09-19T22:54:51.557,0.0,3.0517578125e-05,0.0,3.0517578125e-05,-1.0,-1.0,0,0,2.638,0.3208,-0.0537,0.483,-1.17,17.22
2025-09-19T22:54:51.669,0.0,3.0517578125e-05,0.0,3.0517578125e-05,-1.0,-1.0,0,0,2.6569,0.3217,-0.0541,0.4878,-1.1,17.27
2025-09-19T22:54:51.779,0.0,3.0517578125e-05,0.0,3.0517578125e-05,-1.0,-1.0,0,0,2.6749,0.3229,-0.0544,0.4924,-1.3,17.34
2025-09-19T22:54:51.891,0.0,3.0517578125e-05,0.0,3.0517578125e-05,-1.0,-1.0,0,0,2.694,0.3242,-0.0548,0.4972,-1.09,17.41
2025-09-19T22:54:52.003,0.0,3.0517578125e-05,0.0,3.0517578125e-05,-1.0,-1.0,0,0,2.6892,0.3245,-0.0548,0.496,-1.02,17.43
2025-09-19T22:54:52.116,0.0,3.0517578125e-05,0.0,3.0517578125e-05,-1.0,-1.0,0,0,2.6987,0.3254,-0.0549,0.4984,-1.23,17.48
2025-09-19T22:54:52.229,0.0,3.0517578125e-05,0.0,3.0517578125e-05,-1.0,-1.0,0,0,2.7243,0.3267,-0.0555,0.505,-1.37,17.55
2025-09-19T22:54:52.341,0.0,3.0517578125e-05,0.0,3.0517578125e-05,-1.0,-1.0,0,0,2.7441,0.3286,-0.0559,0.5101,-0.92,17.66
2025-09-19T22:54:52.452,0.0,3.0517578125e-05,0.0,3.0517578125e-05,-1.0,-1.0,0,0,2.7606,0.3299,-0.0562,0.5144,-1.2,17.74
2025-09-19T22:54:52.564,0.0,3.0517578125e-05,0.0,3.0517578125e-05,-1.0,-1.0,0,0,2.7807,0.3313,-0.0566,0.5197,-0.94,17.82
2025-09-19T22:54:52.675,0.0,3.0517578125e-05,0.0,3.0517578125e-05,-1.0,-1.0,0,0,2.7772,0.3326,-0.0566,0.5187,-0.5,17.89
2025-09-19T22:54:52.785,0.0,3.0517578125e-05,0.0,3.0517578125e-05,-1.0,-1.0,0,0,2.7722,0.334,-0.0565,0.5174,-0.98,17.98
2025-09-19T22:54:52.897,0.0,3.0517578125e-05,0.0,3.0517578125e-05,-1.0,-1.0,0,0,2.776,0.336,-0.0565,0.5184,-0.26,18.1
2025-09-19T22:54:53.008,0.0,3.0517578125e-05,0.0,3.0517578125e-05,-1.0,-1.0,0,0,2.7749,0.3372,-0.0565,0.5181,-0.71,18.17
2025-09-19T22:54:53.120,0.0,3.0517578125e-05,0.0,3.0517578125e-05,-1.0,-1.0,0,0,2.7732,0.3375,-0.0565,0.5177,-0.63,18.19
2025-09-19T22:54:53.232,0.0,3.0517578125e-05,0.0,3.0517578125e-05,-1.0,-1.0,0,0,2.7731,0.3375,-0.0565,0.5177,-0.59,18.19
2025-09-19T22:54:53.342,0.0,3.0517578125e-05,0.0,3.0517578125e-05,-1.0,-1.0,0,0,2.7731,0.3375,-0.0565,0.5177,-0.59,18.19
2025-09-19T22:54:53.454,0.0,3.0517578125e-05,0.0,3.0517578125e-05,-1.0,-1.0,0,0,2.7732,0.3383,-0.0565,0.5177,-0.29,18.24
2025-09-19T22:54:53.564,0.0,3.0517578125e-05,0.0,3.0517578125e-05,-1.0,-1.0,0,0,2.7725,0.3388,-0.0565,0.5177,-0.49,18.27
2025-09-19T22:54:53.675,0.0,3.0517578125e-05,0.0,3.0517578125e-05,-1.0,-1.0,0,0,2.7723,0.339,-0.0565,0.5177,-0.56,18.28
2025-09-19T22:54:53.787,0.0,3.0517578125e-05,0.0,3.0517578125e-05,-1.0,-1.0,0,0,2.772,0.3392,-0.0565,0.5177,-0.49,18.29
2025-09-19T22:54:53.897,0.0,3.0517578125e-05,0.0,3.0517578125e-05,-1.0,-1.0,0,0,2.7718,0.3392,-0.0565,0.5176,-0.44,18.29
2025-09-19T22:54:54.009,0.0,3.0517578125e-05,0.0,3.0517578125e-05,-1.0,-1.0,0,0,2.7718,0.3392,-0.0565,0.5176,-0.44,18.29
2025-09-19T22:54:54.121,0.0,3.0517578125e-05,0.0,3.0517578125e-05,-1.0,-1.0,0,0,2.7714,0.3395,-0.0565,0.5176,-0.33,18.31
2025-09-19T22:54:54.235,0.0,3.0517578125e-05,0.0,3.0517578125e-05,-1.0,-1.0,0,0,2.7713,0.3395,-0.0565,0.5176,-0.28,18.31
2025-09-19T22:54:54.346,0.0,3.0517578125e-05,0.0,3.0517578125e-05,-1.0,-1.0,0,0,2.7713,0.3395,-0.0565,0.5176,-0.28,18.31
2025-09-19T22:54:54.459,0.0,3.0517578125e-05,0.0,3.0517578125e-05,-1.0,-1.0,0,0,2.7711,0.3398,-0.0565,0.5176,-0.17,18.33
2025-09-19T22:54:54.575,0.0,3.0517578125e-05,0.0,3.0517578125e-05,-1.0,-1.0,0,0,2.7711,0.3398,-0.0565,0.5176,-0.17,18.33
2025-09-19T22:54:54.688,0.0,3.0517578125e-05,0.0,3.0517578125e-05,-1.0,-1.0,0,0,2.7708,0.34,-0.0565,0.5176,-0.08,18.34
2025-09-19T22:54:54.801,0.0,3.0517578125e-05,0.0,3.0517578125e-05,-1.0,-1.0,0,0,2.7708,0.34,-0.0565,0.5176,-0.06,18.34
2025-09-19T22:54:54.911,0.0,3.0517578125e-05,0.0,3.0517578125e-05,-1.0,-1.0,0,0,2.7708,0.34,-0.0565,0.5176,-0.06,18.34
2025-09-19T22:54:55.022,0.0,3.0517578125e-05,0.0,3.0517578125e-05,-1.0,-1.0,0,0,2.7704,0.3402,-0.0565,0.5176,0.01,18.35
2025-09-19T22:54:55.132,0.0,3.0517578125e-05,0.0,3.0517578125e-05,-1.0,-1.0,0,0,2.7704,0.3402,-0.0565,0.5176,0.01,18.35
2025-09-19T22:54:55.241,0.0,3.0517578125e-05,0.0,3.0517578125e-05,-1.0,-1.0,0,0,2.77,0.3404,-0.0565,0.5176,0.09,18.36
2025-09-19T22:54:55.352,0.0,3.0517578125e-05,0.0,3.0517578125e-05,-1.0,-1.0,0,0,2.7699,0.3404,-0.0565,0.5176,0.11,18.36
2025-09-19T22:54:55.461,0.0,3.0517578125e-05,0.0,3.0517578125e-05,-1.0,-1.0,0,0,2.7699,0.3404,-0.0565,0.5176,0.11,18.36
2025-09-19T22:54:55.569,0.0,3.0517578125e-05,0.0,3.0517578125e-05,-1.0,-1.0,0,0,2.7696,0.3407,-0.0565,0.5176,0.22,18.38
2025-09-19T22:54:55.682,0.0,3.0517578125e-05,0.0,3.0517578125e-05,-1.0,-1.0,0,0,2.7696,0.3407,-0.0565,0.5176,0.22,18.38
2025-09-19T22:54:55.790,0.0,3.0517578125e-05,0.0,3.0517578125e-05,-1.0,-1.0,0,0,2.7696,0.3407,-0.0565,0.5176,0.22,18.38
2025-09-19T22:54:55.900,0.0,3.0517578125e-05,0.0,3.0517578125e-05,-1.0,-1.0,0,0,2.7696,0.3407,-0.0565,0.5176,0.22,18.38
2025-09-19T22:54:56.009,0.0,3.0517578125e-05,0.0,3.0517578125e-05,-1.0,-1.0,0,0,2.7696,0.3407,-0.0565,0.5176,0.22,18.38
2025-09-19T22:54:56.119,0.0,3.0517578125e-05,0.0,3.0517578125e-05,-1.0,-1.0,0,0,2.7696,0.3407,-0.0565,0.5176,0.22,18.38
2025-09-19T22:54:56.228,0.0,3.0517578125e-05,0.0,3.0517578125e-05,-1.0,-1.0,0,0,2.7696,0.3407,-0.0565,0.5176,0.22,18.38
2025-09-19T22:54:56.339,0.0,3.0517578125e-05,0.0,3.0517578125e-05,-1.0,-1.0,0,0,2.7696,0.3407,-0.0565,0.5176,0.22,18.38
2025-09-19T22:54:56.449,0.0,3.0517578125e-05,0.0,3.0517578125e-05,-1.0,-1.0,0,0,2.7696,0.3407,-0.0565,0.5176,0.22,18.38
2025-09-19T22:54:56.558,0.0,3.0517578125e-05,0.0,3.0517578125e-05,-1.0,-1.0,0,0,2.7696,0.3407,-0.0565,0.5176,0.22,18.38
2025-09-19T22:54:56.668,0.0,3.0517578125e-05,0.0,3.0517578125e-05,-1.0,-1.0,0,0,2.7696,0.3407,-0.0565,0.5176,0.22,18.38
2025-09-19T22:54:56.777,0.0,3.0517578125e-05,0.0,3.0517578125e-05,-1.0,-1.0,0,0,2.7696,0.3407,-0.0565,0.5176,0.22,18.38
2025-09-19T22:54:56.886,0.0,3.0517578125e-05,0.0,3.0517578125e-05,-1.0,-1.0,0,0,2.7696,0.3407,-0.0565,0.5176,0.22,18.38
2025-09-19T22:54:56.994,0.0,3.0517578125e-05,0.0,3.0517578125e-05,-1.0,-1.0,0,0,2.7696,0.3407,-0.0565,0.5176,0.22,18.38
2025-09-19T22:54:57.104,0.0,3.0517578125e-05,0.0,3.0517578125e-05,-1.0,-1.0,0,0,2.7696,0.3407,-0.0565,0.5176,0.22,18.38
2025-09-19T22:54:57.212,0.0,3.0517578125e-05,0.0,3.0517578125e-05,-1.0,-1.0,0,0,2.7696,0.3407,-0.0565,0.5176,0.22,18.38
2025-09-19T22:54:57.319,0.0,3.0517578125e-05,0.0,3.0517578125e-05,-1.0,-1.0,0,0,2.7696,0.3407,-0.0565,0.5176,0.22,18.38
2025-09-19T22:54:57.428,0.0,3.0517578125e-05,0.0,3.0517578125e-05,-1.0,-1.0,0,0,2.7696,0.3407,-0.0565,0.5176,0.22,18.38
2025-09-19T22:54:57.537,0.0,3.0517578125e-05,0.0,3.0517578125e-05,-1.0,-1.0,0,0,2.7696,0.3407,-0.0565,0.5176,0.22,18.38
2025-09-19T22:54:57.644,0.0,3.0517578125e-05,0.0,3.0517578125e-05,-1.0,-1.0,0,0,2.7696,0.3407,-0.0565,0.5176,0.22,18.38
2025-09-19T22:54:57.752,0.0,3.0517578125e-05,0.0,3.0517578125e-05,-1.0,-1.0,0,0,2.7696,0.3407,-0.0565,0.5176,0.22,18.38
2025-09-19T22:54:57.861,0.0,3.0517578125e-05,0.0,3.0517578125e-05,-1.0,-1.0,0,0,2.7696,0.3407,-0.0565,0.5176,0.22,18.38
2025-09-19T22:54:57.969,0.0,3.0517578125e-05,0.0,3.0517578125e-05,-1.0,-1.0,0,0,2.7696,0.3407,-0.0565,0.5176,0.22,18.38
2025-09-19T22:54:58.078,0.0,3.0517578125e-05,0.0,3.0517578125e-05,-1.0,-1.0,0,0,2.7696,0.3407,-0.0565,0.5176,0.22,18.38
2025-09-19T22:54:58.187,0.0,3.0517578125e-05,0.0,3.0517578125e-05,-1.0,-1.0,0,0,2.7696,0.3407,-0.0565,0.5176,0.22,18.38
2025-09-19T22:54:58.294,0.0,3.0517578125e-05,0.0,3.0517578125e-05,-1.0,-1.0,0,0,2.7696,0.3407,-0.0565,0.5176,0.22,18.38
2025-09-19T22:54:58.403,0.0,3.0517578125e-05,0.0,3.0517578125e-05,-1.0,-1.0,0,0,2.7696,0.3407,-0.0565,0.5176,0.22,18.38
2025-09-19T22:54:58.547,0.0,3.0517578125e-05,0.0,3.0517578125e-05,-1.0,-1.0,0,0,2.7696,0.3407,-0.0565,0.5176,0.22,18.38
2025-09-19T22:54:58.655,0.0,3.0517578125e-05,0.0,3.0517578125e-05,-1.0,-1.0,0,0,2.7696,0.3407,-0.0565,0.5176,0.22,18.38
2025-09-19T22:54:58.766,0.0,3.0517578125e-05,0.0,3.0517578125e-05,-1.0,-1.0,0,0,2.7696,0.3407,-0.0565,0.5176,0.22,18.38
2025-09-19T22:54:58.873,0.0,3.0517578125e-05,0.0,3.0517578125e-05,-1.0,-1.0,0,0,2.7696,0.3407,-0.0565,0.5176,0.22,18.38
2025-09-19T22:54:58.983,0.0,3.0517578125e-05,0.0,3.0517578125e-05,-1.0,-1.0,0,0,2.7696,0.3407,-0.0565,0.5176,0.22,18.38
2025-09-19T22:54:59.091,0.0,3.0517578125e-05,0.0,3.0517578125e-05,-1.0,-1.0,0,0,2.7696,0.3407,-0.0565,0.5176,0.22,18.38
2025-09-19T22:54:59.199,0.0,3.0517578125e-05,0.0,3.0517578125e-05,-1.0,-1.0,0,0,2.7696,0.3407,-0.0565,0.5176,0.22,18.38
2025-09-19T22:54:59.306,0.0,3.0517578125e-05,0.0,3.0517578125e-05,-1.0,-1.0,0,0,2.7696,0.3407,-0.0565,0.5176,0.22,18.38
2025-09-19T22:54:59.414,0.0,3.0517578125e-05,0.0,3.0517578125e-05,-1.0,-1.0,0,0,2.7696,0.3407,-0.0565,0.5176,0.22,18.38
2025-09-19T22:54:59.521,0.0,3.0517578125e-05,0.0,3.0517578125e-05,-1.0,-1.0,0,0,2.7696,0.3407,-0.0565,0.5176,0.22,18.38
2025-09-19T22:54:59.630,0.0,3.0517578125e-05,0.0,3.0517578125e-05,-1.0,-1.0,0,0,2.7696,0.3407,-0.0565,0.5176,0.22,18.38
2025-09-19T22:54:59.739,0.0,3.0517578125e-05,0.0,3.0517578125e-05,-1.0,-1.0,0,0,2.7696,0.3407,-0.0565,0.5176,0.22,18.38
2025-09-19T22:54:59.846,0.0,3.0517578125e-05,0.0,3.0517578125e-05,-1.0,-1.0,0,0,2.7696,0.3407,-0.0565,0.5176,0.22,18.38
2025-09-19T22:54:59.953,0.0,3.0517578125e-05,0.0,3.0517578125e-05,-1.0,-1.0,0,0,2.7696,0.3407,-0.0565,0.5176,0.22,18.38
2025-09-19T22:55:00.064,0.0,3.0517578125e-05,0.0,3.0517578125e-05,-1.0,-1.0,0,0,2.7696,0.3407,-0.0565,0.5176,0.22,18.38
2025-09-19T22:55:00.175,0.0,3.0517578125e-05,0.0,3.0517578125e-05,-1.0,-1.0,0,0,2.7696,0.3407,-0.0565,0.5176,0.22,18.38
2025-09-19T22:55:00.282,0.0,3.0517578125e-05,0.0,3.0517578125e-05,-1.0,-1.0,0,0,2.7696,0.3407,-0.0565,0.5176,0.22,18.38
2025-09-19T22:55:00.391,0.0,3.0517578125e-05,0.0,3.0517578125e-05,-1.0,-1.0,0,0,2.7696,0.3407,-0.0565,0.5176,0.22,18.38
2025-09-19T22:55:00.499,0.0,3.0517578125e-05,0.0,3.0517578125e-05,-1.0,-1.0,0,0,2.7696,0.3407,-0.0565,0.5176,0.22,18.38
2025-09-19T22:55:00.608,0.0,3.0517578125e-05,0.0,3.0517578125e-05,-1.0,-1.0,0,0,2.7696,0.3407,-0.0565,0.5176,0.22,18.38
2025-09-19T22:55:00.715,0.0,3.0517578125e-05,0.0,3.0517578125e-05,-1.0,-1.0,0,0,2.7696,0.3407,-0.0565,0.5176,0.22,18.38
2025-09-19T22:55:00.823,0.0,3.0517578125e-05,0.0,3.0517578125e-05,-1.0,-1.0,0,0,2.7696,0.3407,-0.0565,0.5176,0.22,18.38
2025-09-19T22:55:00.930,0.0,3.0517578125e-05,0.0,3.0517578125e-05,-1.0,-1.0,0,0,2.7696,0.3407,-0.0565,0.5176,0.22,18.38
2025-09-19T22:55:01.039,0.0,3.0517578125e-05,0.0,3.0517578125e-05,-1.0,-1.0,0,0,2.7696,0.3407,-0.0565,0.5176,0.22,18.38
2025-09-19T22:55:01.146,0.0,3.0517578125e-05,0.0,3.0517578125e-05,-1.0,-1.0,0,0,2.7696,0.3407,-0.0565,0.5176,0.22,18.38
2025-09-19T22:55:01.255,0.0,3.0517578125e-05,0.0,3.0517578125e-05,-1.0,-1.0,0,0,2.7696,0.3407,-0.0565,0.5176,0.22,18.38
2025-09-19T22:55:01.364,0.0,3.0517578125e-05,0.0,3.0517578125e-05,-1.0,-1.0,0,0,2.7696,0.3407,-0.0565,0.5176,0.22,18.38
2025-09-19T22:55:01.473,0.0,3.0517578125e-05,0.0,3.0517578125e-05,-1.0,-1.0,0,0,2.7696,0.3407,-0.0565,0.5176,0.22,18.38
2025-09-19T22:55:01.583,0.0,3.0517578125e-05,0.0,3.0517578125e-05,-1.0,-1.0,0,0,2.7696,0.3407,-0.0565,0.5176,0.22,18.38
2025-09-19T22:55:01.691,0.0,3.0517578125e-05,0.0,3.0517578125e-05,-1.0,-1.0,0,0,2.7696,0.3407,-0.0565,0.5176,0.22,18.38
2025-09-19T22:55:01.799,0.0,3.0517578125e-05,0.0,3.0517578125e-05,-1.0,-1.0,0,0,2.7696,0.3407,-0.0565,0.5176,0.22,18.38
2025-09-19T22:55:01.908,0.0,3.0517578125e-05,0.0,3.0517578125e-05,-1.0,-1.0,0,0,2.7696,0.3407,-0.0565,0.5176,0.22,18.38
2025-09-19T22:55:02.016,0.0,3.0517578125e-05,0.0,3.0517578125e-05,-1.0,-1.0,0,0,2.7696,0.3407,-0.0565,0.5176,0.22,18.38
2025-09-19T22:55:02.124,0.0,3.0517578125e-05,0.0,3.0517578125e-05,-1.0,-1.0,0,0,2.7696,0.3407,-0.0565,0.5176,0.22,18.38
2025-09-19T22:55:02.232,0.0,3.0517578125e-05,0.0,3.0517578125e-05,-1.0,-1.0,0,0,2.7696,0.3407,-0.0565,0.5176,0.22,18.38
2025-09-19T22:55:02.340,0.0,3.0517578125e-05,0.0,3.0517578125e-05,-1.0,-1.0,0,0,2.7696,0.3407,-0.0565,0.5176,0.22,18.38
2025-09-19T22:55:02.449,0.0,3.0517578125e-05,0.0,3.0517578125e-05,-1.0,-1.0,0,0,2.7696,0.3407,-0.0565,0.5176,0.22,18.38
2025-09-19T22:55:02.559,0.0,3.0517578125e-05,0.0,3.0517578125e-05,-1.0,-1.0,0,0,2.7696,0.3407,-0.0565,0.5176,0.22,18.38
2025-09-19T22:55:02.668,0.0,3.0517578125e-05,0.0,3.0517578125e-05,-1.0,-1.0,0,0,2.7696,0.3407,-0.0565,0.5176,0.22,18.38
2025-09-19T22:55:02.778,0.0,3.0517578125e-05,0.0,3.0517578125e-05,-1.0,-1.0,0,0,2.7696,0.3407,-0.0565,0.5176,0.22,18.38
2025-09-19T22:55:02.888,0.0,3.0517578125e-05,0.0,3.0517578125e-05,-1.0,-1.0,0,0,2.7696,0.3407,-0.0565,0.5176,0.22,18.38
2025-09-19T22:55:02.997,0.0,3.0517578125e-05,0.0,3.0517578125e-05,-1.0,-1.0,0,0,2.7696,0.3407,-0.0565,0.5176,0.22,18.38
2025-09-19T22:55:03.107,0.0,3.0517578125e-05,0.0,3.0517578125e-05,-1.0,-1.0,0,0,2.7696,0.3407,-0.0565,0.5176,0.22,18.38
2025-09-19T22:55:03.216,0.0,3.0517578125e-05,0.0,3.0517578125e-05,-1.0,-1.0,0,0,2.7696,0.3407,-0.0565,0.5176,0.22,18.38
2025-09-19T22:55:03.328,0.0,3.0517578125e-05,0.0,3.0517578125e-05,-1.0,-1.0,0,0,2.7696,0.3407,-0.0565,0.5176,0.22,18.38
2025-09-19T22:55:03.438,0.0,3.0517578125e-05,0.0,3.0517578125e-05,-1.0,-1.0,0,0,2.7696,0.3407,-0.0565,0.5176,0.22,18.38
2025-09-19T22:55:03.549,0.0,3.0517578125e-05,0.0,3.0517578125e-05,-1.0,-1.0,0,0,2.7696,0.3407,-0.0565,0.5176,0.22,18.38
2025-09-19T22:55:03.659,0.0,3.0517578125e-05,0.0,3.0517578125e-05,-1.0,-1.0,0,0,2.7696,0.3407,-0.0565,0.5176,0.22,18.38
2025-09-19T22:55:03.770,0.0,3.0517578125e-05,0.0,3.0517578125e-05,-1.0,-1.0,0,0,2.7696,0.3407,-0.0565,0.5176,0.22,18.38
2025-09-19T22:55:03.881,0.0,3.0517578125e-05,0.0,3.0517578125e-05,-1.0,-1.0,0,0,2.7696,0.3407,-0.0565,0.5176,0.22,18.38
2025-09-19T22:55:03.992,0.0,3.0517578125e-05,0.0,3.0517578125e-05,-1.0,-1.0,0,0,2.7696,0.3407,-0.0565,0.5176,0.22,18.38
2025-09-19T22:55:04.104,0.0,3.0517578125e-05,0.0,3.0517578125e-05,-1.0,-1.0,0,0,2.7696,0.3407,-0.0565,0.5176,0.22,18.38
2025-09-19T22:55:04.216,0.0,3.0517578125e-05,0.0,3.0517578125e-05,-1.0,-1.0,0,0,2.7696,0.3407,-0.0565,0.5176,0.22,18.38
2025-09-19T22:55:04.329,0.0,3.0517578125e-05,0.0,3.0517578125e-05,-1.0,-1.0,0,0,2.7696,0.3407,-0.0565,0.5176,0.22,18.38
2025-09-19T22:55:04.443,0.0,3.0517578125e-05,0.0,3.0517578125e-05,-1.0,-1.0,0,0,2.7696,0.3407,-0.0565,0.5176,0.22,18.38
2025-09-19T22:55:04.557,0.0,3.0517578125e-05,0.0,3.0517578125e-05,-1.0,-1.0,0,0,2.7696,0.3407,-0.0565,0.5176,0.22,18.38
2025-09-19T22:55:04.669,0.0,3.0517578125e-05,0.0,3.0517578125e-05,-1.0,-1.0,0,0,2.7696,0.3407,-0.0565,0.5176,0.22,18.38
2025-09-19T22:55:04.783,0.0,3.0517578125e-05,0.0,3.0517578125e-05,-1.0,-1.0,0,0,2.7696,0.3407,-0.0565,0.5176,0.22,18.38
2025-09-19T22:55:04.896,0.0,3.0517578125e-05,0.0,3.0517578125e-05,-1.0,-1.0,0,0,2.7696,0.3407,-0.0565,0.5176,0.22,18.38
2025-09-19T22:55:05.009,0.0,3.0517578125e-05,0.0,3.0517578125e-05,-1.0,-1.0,0,0,2.7696,0.3407,-0.0565,0.5176,0.22,18.38
2025-09-19T22:55:05.121,0.0,3.0517578125e-05,0.0,3.0517578125e-05,-1.0,-1.0,0,0,2.7696,0.3407,-0.0565,0.5176,0.22,18.38
2025-09-19T22:55:05.234,0.0,3.0517578125e-05,0.0,3.0517578125e-05,-1.0,-1.0,0,0,2.7696,0.3407,-0.0565,0.5176,0.22,18.38
2025-09-19T22:55:05.347,0.0,3.0517578125e-05,0.0,3.0517578125e-05,-1.0,-1.0,0,0,2.7696,0.3407,-0.0565,0.5176,0.22,18.38
2025-09-19T22:55:05.461,0.0,3.0517578125e-05,0.0,3.0517578125e-05,-1.0,-1.0,0,0,2.7696,0.3407,-0.0565,0.5176,0.22,18.38
2025-09-19T22:55:05.572,0.0,3.0517578125e-05,0.0,3.0517578125e-05,-1.0,-1.0,0,0,2.7696,0.3407,-0.0565,0.5176,0.22,18.38
2025-09-19T22:55:05.683,0.0,3.0517578125e-05,0.0,3.0517578125e-05,-1.0,-1.0,0,0,2.7696,0.3407,-0.0565,0.5176,0.22,18.38
2025-09-19T22:55:05.795,0.0,3.0517578125e-05,0.0,3.0517578125e-05,-1.0,-1.0,0,0,2.7696,0.3407,-0.0565,0.5176,0.22,18.38
2025-09-19T22:55:05.905,0.0,3.0517578125e-05,0.0,3.0517578125e-05,-1.0,-1.0,0,0,2.7696,0.3407,-0.0565,0.5176,0.22,18.38
2025-09-19T22:55:06.016,0.0,3.0517578125e-05,0.0,3.0517578125e-05,-1.0,-1.0,0,0,2.7696,0.3407,-0.0565,0.5176,0.22,18.38
2025-09-19T22:55:06.129,0.0,3.0517578125e-05,0.0,3.0517578125e-05,-1.0,-1.0,0,0,2.7696,0.3407,-0.0565,0.5176,0.22,18.38
2025-09-19T22:55:06.240,0.0,3.0517578125e-05,0.0,3.0517578125e-05,-1.0,-1.0,0,0,2.7696,0.3407,-0.0565,0.5176,0.22,18.38
2025-09-19T22:55:06.352,0.0,3.0517578125e-05,0.0,3.0517578125e-05,-1.0,-1.0,0,0,2.7696,0.3407,-0.0565,0.5176,0.22,18.38
2025-09-19T22:55:06.464,0.0,3.0517578125e-05,0.0,3.0517578125e-05,-1.0,-1.0,0,0,2.7696,0.3407,-0.0565,0.5176,0.22,18.38
2025-09-19T22:55:06.577,0.0,3.0517578125e-05,0.0,3.0517578125e-05,-1.0,-1.0,0,0,2.7696,0.3407,-0.0565,0.5176,0.22,18.38
2025-09-19T22:55:06.691,0.0,3.0517578125e-05,0.0,3.0517578125e-05,-1.0,-1.0,0,0,2.7696,0.3407,-0.0565,0.5176,0.22,18.38
2025-09-19T22:55:06.803,0.0,3.0517578125e-05,0.0,3.0517578125e-05,-1.0,-1.0,0,0,2.7696,0.3407,-0.0565,0.5176,0.22,18.38
2025-09-19T22:55:06.916,0.0,3.0517578125e-05,0.0,3.0517578125e-05,-1.0,-1.0,0,0,2.7696,0.3407,-0.0565,0.5176,0.22,18.38
2025-09-19T22:55:07.027,0.0,3.0517578125e-05,0.0,3.0517578125e-05,-1.0,-1.0,0,0,2.7696,0.3407,-0.0565,0.5176,0.22,18.38
2025-09-19T22:55:07.139,0.0,3.0517578125e-05,0.0,3.0517578125e-05,-1.0,-1.0,0,0,2.7696,0.3407,-0.0565,0.5176,0.22,18.38
2025-09-19T22:55:07.251,0.0,3.0517578125e-05,0.0,3.0517578125e-05,-1.0,-1.0,0,0,2.7696,0.3407,-0.0565,0.5176,0.22,18.38
2025-09-19T22:55:07.365,0.0,3.0517578125e-05,0.0,3.0517578125e-05,-1.0,-1.0,0,0,2.7696,0.3407,-0.0565,0.5176,0.22,18.38
2025-09-19T22:55:07.478,0.0,3.0517578125e-05,0.0,3.0517578125e-05,-1.0,-1.0,0,0,2.7696,0.3407,-0.0565,0.5176,0.22,18.38
2025-09-19T22:55:07.593,0.0,3.0517578125e-05,0.0,3.0517578125e-05,-1.0,-1.0,0,0,2.7696,0.3407,-0.0565,0.5176,0.22,18.38
2025-09-19T22:55:07.706,0.0,3.0517578125e-05,0.0,3.0517578125e-05,-1.0,-1.0,0,0,2.7696,0.3407,-0.0565,0.5176,0.22,18.38
2025-09-19T22:55:07.819,0.0,3.0517578125e-05,0.0,3.0517578125e-05,-1.0,-1.0,0,0,2.7696,0.3407,-0.0565,0.5176,0.22,18.38
2025-09-19T22:55:07.932,0.0,3.0517578125e-05,0.0,3.0517578125e-05,-1.0,-1.0,0,0,2.7696,0.3407,-0.0565,0.5176,0.22,18.38
2025-09-19T22:55:08.046,0.0,3.0517578125e-05,0.0,3.0517578125e-05,-1.0,-1.0,0,0,2.7696,0.3407,-0.0565,0.5176,0.22,18.38
2025-09-19T22:55:08.158,0.0,3.0517578125e-05,0.0,3.0517578125e-05,-1.0,-1.0,0,0,2.7696,0.3407,-0.0565,0.5176,0.22,18.38
2025-09-19T22:55:08.271,0.0,3.0517578125e-05,0.0,3.0517578125e-05,-1.0,-1.0,0,0,2.7696,0.3407,-0.0565,0.5176,0.22,18.38
2025-09-19T22:55:08.384,0.0,3.0517578125e-05,0.0,3.0517578125e-05,-1.0,-1.0,0,0,2.7696,0.3407,-0.0565,0.5176,0.22,18.38
2025-09-19T22:55:08.497,0.0,3.0517578125e-05,0.0,3.0517578125e-05,-1.0,-1.0,0,0,2.7696,0.3407,-0.0565,0.5176,0.22,18.38
2025-09-19T22:55:08.609,0.0,3.0517578125e-05,0.0,3.0517578125e-05,-1.0,-1.0,0,0,2.7696,0.3407,-0.0565,0.5176,0.22,18.38
2025-09-19T22:55:08.721,0.0,3.0517578125e-05,0.0,3.0517578125e-05,-1.0,-1.0,0,0,2.7696,0.3407,-0.0565,0.5176,0.22,18.38
2025-09-19T22:55:08.834,0.0,3.0517578125e-05,0.0,3.0517578125e-05,-1.0,-1.0,0,0,2.7696,0.3407,-0.0565,0.5176,0.22,18.38
2025-09-19T22:55:08.947,0.0,3.0517578125e-05,0.0,3.0517578125e-05,-1.0,-1.0,0,0,2.7696,0.3407,-0.0565,0.5176,0.22,18.38
2025-09-19T22:55:09.059,0.0,3.0517578125e-05,0.0,3.0517578125e-05,-1.0,-1.0,0,0,2.7696,0.3407,-0.0565,0.5176,0.22,18.38
2025-09-19T22:55:09.172,0.0,3.0517578125e-05,0.0,3.0517578125e-05,-1.0,-1.0,0,0,2.7696,0.3407,-0.0565,0.5176,0.22,18.38
2025-09-19T22:55:09.284,0.0,3.0517578125e-05,0.0,3.0517578125e-05,-1.0,-1.0,0,0,2.7696,0.3407,-0.0565,0.5176,0.22,18.38
2025-09-19T22:55:09.398,0.0,3.0517578125e-05,0.0,3.0517578125e-05,-1.0,-1.0,0,0,2.7696,0.3407,-0.0565,0.5176,0.22,18.38
2025-09-19T22:55:09.510,0.0,3.0517578125e-05,0.0,3.0517578125e-05,-1.0,-1.0,0,0,2.7696,0.3407,-0.0565,0.5176,0.22,18.38
2025-09-19T22:55:09.627,0.0,3.0517578125e-05,0.0,3.0517578125e-05,-1.0,-1.0,0,0,2.7696,0.3407,-0.0565,0.5176,0.22,18.38
2025-09-19T22:55:09.738,0.0,0.343780517578125,0.0,3.0517578125e-05,-1.0,-1.0,0,0,2.7696,0.3407,-0.0565,0.5176,0.22,18.38
2025-09-19T22:55:09.850,0.0,0.929718017578125,0.0,3.0517578125e-05,-1.0,-1.0,0,0,2.7696,0.3407,-0.0565,0.5176,0.22,18.38
2025-09-19T22:55:09.958,0.0,1.0,0.0,3.0517578125e-05,-1.0,-1.0,0,0,2.7696,0.3407,-0.0565,0.5176,0.22,18.38
2025-09-19T22:55:10.068,0.0,1.0,0.0,3.0517578125e-05,-1.0,-1.0,0,0,2.7696,0.3407,-0.0565,0.5176,0.22,18.38
2025-09-19T22:55:10.178,0.0,1.0,0.0,3.0517578125e-05,-1.0,-1.0,0,0,2.7696,0.3407,-0.0565,0.5176,0.22,18.38
2025-09-19T22:55:10.290,0.0,1.0,0.0,3.0517578125e-05,-1.0,-1.0,0,0,2.7696,0.3407,-0.0565,0.5176,0.22,18.38
2025-09-19T22:55:10.400,0.0,1.0,0.0,3.0517578125e-05,-1.0,-1.0,0,0,2.7696,0.3407,-0.0565,0.5176,0.22,18.38
2025-09-19T22:55:10.509,0.0,1.0,0.0,3.0517578125e-05,-1.0,-1.0,0,0,2.7696,0.3407,-0.0565,0.5176,0.22,18.38
2025-09-19T22:55:10.618,0.0,1.0,0.0,3.0517578125e-05,-1.0,-1.0,0,0,2.7696,0.3407,-0.0565,0.5176,0.22,18.38
2025-09-19T22:55:10.728,0.0,1.0,0.0,3.0517578125e-05,-1.0,-1.0,0,0,2.7696,0.3407,-0.0565,0.5176,0.22,18.38
2025-09-19T22:55:10.838,0.0,1.0,0.0,3.0517578125e-05,-1.0,-1.0,0,0,2.7696,0.3407,-0.0565,0.5176,0.22,18.38
2025-09-19T22:55:10.947,0.0,1.0,0.0,3.0517578125e-05,-1.0,-1.0,0,0,2.7696,0.3407,-0.0565,0.5176,0.22,18.38
2025-09-19T22:55:11.057,0.0,1.0,0.0,3.0517578125e-05,-1.0,-1.0,0,0,2.7696,0.3407,-0.0565,0.5176,0.22,18.38
2025-09-19T22:55:11.168,0.0,1.0,0.0,3.0517578125e-05,-1.0,-1.0,0,0,2.7696,0.3407,-0.0565,0.5176,0.22,18.38
2025-09-19T22:55:11.275,0.0,1.0,0.0,3.0517578125e-05,-1.0,-1.0,0,0,2.7696,0.3407,-0.0565,0.5176,0.22,18.38
2025-09-19T22:55:11.384,0.0,1.0,0.0,3.0517578125e-05,-1.0,-1.0,0,0,2.7696,0.3407,-0.0565,0.5176,0.22,18.38
2025-09-19T22:55:11.492,0.0,1.0,0.0,3.0517578125e-05,-1.0,-1.0,0,0,2.7696,0.3407,-0.0565,0.5176,0.22,18.38
2025-09-19T22:55:11.602,0.0,1.0,0.0,3.0517578125e-05,-1.0,-1.0,0,0,2.7696,0.3407,-0.0565,0.5176,0.22,18.38
2025-09-19T22:55:11.710,0.0,1.0,0.0,3.0517578125e-05,-1.0,-1.0,0,0,2.7696,0.3407,-0.0565,0.5176,0.22,18.38
2025-09-19T22:55:11.820,0.0,1.0,0.0,3.0517578125e-05,-1.0,-1.0,0,0,2.7696,0.3407,-0.0565,0.5176,0.22,18.38
2025-09-19T22:55:11.928,0.0,1.0,0.0,3.0517578125e-05,-1.0,-1.0,0,0,2.7696,0.3407,-0.0565,0.5176,0.22,18.38
2025-09-19T22:55:12.036,0.0,1.0,0.0,3.0517578125e-05,-1.0,-1.0,0,0,2.7696,0.3407,-0.0565,0.5176,0.22,18.38
2025-09-19T22:55:12.145,0.0,1.0,0.0,3.0517578125e-05,-1.0,-1.0,0,0,2.7696,0.3407,-0.0565,0.5176,0.22,18.38
2025-09-19T22:55:12.254,0.0,1.0,0.0,3.0517578125e-05,-1.0,-1.0,0,0,2.7696,0.3407,-0.0565,0.5176,0.22,18.38
2025-09-19T22:55:12.367,0.0,1.0,0.0,3.0517578125e-05,-1.0,-1.0,0,0,2.7696,0.3407,-0.0565,0.5176,0.22,18.38
2025-09-19T22:55:12.474,0.0,1.0,0.0,3.0517578125e-05,-1.0,-1.0,0,0,2.7696,0.3407,-0.0565,0.5176,0.22,18.38
2025-09-19T22:55:12.584,0.0,1.0,0.0,3.0517578125e-05,-1.0,-1.0,0,0,2.7696,0.3407,-0.0565,0.5176,0.22,18.38
2025-09-19T22:55:12.692,0.0,1.0,0.0,3.0517578125e-05,-1.0,-1.0,0,0,2.7696,0.3407,-0.0565,0.5176,0.22,18.38
2025-09-19T22:55:12.804,0.0,1.0,0.0,3.0517578125e-05,-1.0,-1.0,0,0,2.7696,0.3407,-0.0565,0.5176,0.21,18.38
2025-09-19T22:55:12.911,0.0,1.0,0.0,3.0517578125e-05,-1.0,-1.0,0,0,2.778,0.3413,-0.0565,0.5198,0.34,18.42
2025-09-19T22:55:13.021,0.0,1.0,0.0,3.0517578125e-05,-1.0,-1.0,0,0,2.7994,0.3424,-0.0563,0.5254,0.46,18.47
2025-09-19T22:55:13.132,0.0,1.0,0.0,3.0517578125e-05,-1.0,-1.0,0,0,2.8198,0.3436,-0.0562,0.5307,0.25,18.54
2025-09-19T22:55:13.241,0.0,1.0,0.0,3.0517578125e-05,-1.0,-1.0,0,0,2.8134,0.3439,-0.0562,0.5291,0.31,18.56
2025-09-19T22:55:13.369,0.0,1.0,0.0,3.0517578125e-05,-1.0,-1.0,0,0,2.8225,0.3443,-0.0562,0.5315,0.3,18.58
2025-09-19T22:55:13.478,0.0,1.0,0.0,3.0517578125e-05,-1.0,-1.0,0,0,2.8488,0.3455,-0.0561,0.5384,0.14,18.65
2025-09-19T22:55:13.586,0.0,1.0,0.0,3.0517578125e-05,-1.0,-1.0,0,0,2.8688,0.3472,-0.0559,0.5438,0.55,18.75
2025-09-19T22:55:13.695,0.0,1.0,0.0,3.0517578125e-05,-1.0,-1.0,0,0,2.885,0.3485,-0.0558,0.5481,0.26,18.82
2025-09-19T22:55:13.805,0.0,1.0,0.0,3.0517578125e-05,-1.0,-1.0,0,0,2.9053,0.35,-0.0557,0.5535,0.59,18.9
2025-09-19T22:55:13.916,0.0,1.0,0.0,3.0517578125e-05,-1.0,-1.0,0,0,2.9236,0.3511,-0.0555,0.5585,0.37,18.97
2025-09-19T22:55:14.025,0.0,1.0,0.0,3.0517578125e-05,-1.0,-1.0,0,0,2.9424,0.3523,-0.0554,0.5636,0.58,19.03
2025-09-19T22:55:14.132,0.0,1.0,0.0,3.0517578125e-05,-1.0,-1.0,0,0,2.9612,0.353,-0.0552,0.5687,0.51,19.08
2025-09-19T22:55:14.240,0.0,1.0,0.0,3.0517578125e-05,-1.0,-1.0,0,0,2.9798,0.3536,-0.055,0.5738,0.5,19.11
2025-09-19T22:55:14.347,0.0,1.0,0.0,3.0517578125e-05,-1.0,-1.0,0,0,2.9982,0.3542,-0.0549,0.5789,0.45,19.14
2025-09-19T22:55:14.457,0.0,1.0,0.0,3.0517578125e-05,-1.0,-1.0,0,0,3.0171,0.355,-0.0547,0.5841,0.51,19.18
2025-09-19T22:55:14.566,0.0,1.0,0.0,3.0517578125e-05,-1.0,-1.0,0,0,3.0352,0.3561,-0.0546,0.5891,0.32,19.24
2025-09-19T22:55:14.674,0.0,1.0,0.0,3.0517578125e-05,-1.0,-1.0,0,0,3.0539,0.3567,-0.0545,0.5943,0.36,19.27
2025-09-19T22:55:14.782,0.0,1.0,0.0,3.0517578125e-05,-1.0,-1.0,0,0,3.0725,0.3573,-0.0544,0.5995,0.35,19.3
2025-09-19T22:55:14.888,0.0,1.0,0.0,3.0517578125e-05,-1.0,-1.0,0,0,3.0907,0.3582,-0.0543,0.6046,0.21,19.35
2025-09-19T22:55:14.998,0.0,1.0,0.0,3.0517578125e-05,-1.0,-1.0,0,0,3.1092,0.3588,-0.0542,0.6098,0.2,19.39
2025-09-19T22:55:15.105,0.0,1.0,0.0,3.0517578125e-05,-1.0,-1.0,0,0,3.1276,0.3596,-0.0542,0.615,0.11,19.43
2025-09-19T22:55:15.213,0.0,1.0,0.0,3.0517578125e-05,-1.0,-1.0,0,0,3.1464,0.3605,-0.0541,0.6203,0.24,19.48
2025-09-19T22:55:15.321,0.0,1.0,0.0,3.0517578125e-05,-1.0,-1.0,0,0,3.1415,0.3607,-0.0541,0.6189,0.28,19.49
2025-09-19T22:55:15.429,0.0,1.0,0.0,3.0517578125e-05,-1.0,-1.0,0,0,3.1523,0.3612,-0.0541,0.622,0.21,19.52
2025-09-19T22:55:15.538,0.0,1.0,0.0,3.0517578125e-05,-1.0,-1.0,0,0,3.1781,0.3622,-0.054,0.6294,0.15,19.57
2025-09-19T22:55:15.646,0.0,1.0,0.0,3.0517578125e-05,-1.0,-1.0,0,0,3.1972,0.3633,-0.0539,0.6348,0.37,19.63
2025-09-19T22:55:15.755,0.0,1.0,0.0,3.0517578125e-05,-1.0,-1.0,0,0,3.2136,0.3644,-0.0538,0.6396,0.13,19.7
2025-09-19T22:55:15.866,0.0,1.0,0.0,3.0517578125e-05,-1.0,-1.0,0,0,3.2334,0.3654,-0.0538,0.6453,0.29,19.75
2025-09-19T22:55:15.974,0.0,1.0,0.0,3.0517578125e-05,-1.0,-1.0,0,0,3.2519,0.366,-0.0537,0.6506,0.27,19.78
2025-09-19T22:55:16.083,0.0,1.0,0.0,3.0517578125e-05,-1.0,-1.0,0,0,3.2697,0.367,-0.0536,0.6558,0.1,19.84
2025-09-19T22:55:16.192,0.0,1.0,0.0,3.0517578125e-05,-1.0,-1.0,0,0,3.2886,0.3677,-0.0536,0.6613,0.17,19.88
2025-09-19T22:55:16.300,0.0,1.0,0.0,3.0517578125e-05,-1.0,-1.0,0,0,3.3071,0.3683,-0.0535,0.6667,0.13,19.91
2025-09-19T22:55:16.408,0.0,1.0,0.0,3.0517578125e-05,-1.0,-1.0,0,0,3.3253,0.3693,-0.0535,0.672,-0.03,19.96
2025-09-19T22:55:16.518,0.0,1.0,0.0,3.0517578125e-05,-1.0,-1.0,0,0,3.3438,0.3698,-0.0535,0.6775,-0.04,20.0
2025-09-19T22:55:16.627,0.0,1.0,0.0,3.0517578125e-05,-1.0,-1.0,0,0,3.3626,0.3704,-0.0535,0.6831,0.0,20.03
2025-09-19T22:55:16.737,0.0,1.0,0.0,3.0517578125e-05,-1.0,-1.0,0,0,3.3809,0.3714,-0.0535,0.6885,-0.18,20.08
2025-09-19T22:55:16.847,0.0,1.0,0.0,3.0517578125e-05,-1.0,-1.0,0,0,3.3997,0.3722,-0.0536,0.694,-0.11,20.12
2025-09-19T22:55:16.958,0.0,1.0,0.0,3.0517578125e-05,-1.0,-1.0,0,0,3.4177,0.3732,-0.0537,0.6994,-0.31,20.18
2025-09-19T22:55:17.070,0.0,1.0,0.0,3.0517578125e-05,-1.0,-1.0,0,0,3.4362,0.3738,-0.0538,0.7049,-0.34,20.21
2025-09-19T22:55:17.180,0.0,1.0,0.0,3.0517578125e-05,-1.0,-1.0,0,0,3.455,0.3744,-0.0539,0.7106,-0.29,20.24
2025-09-19T22:55:17.292,0.0,1.0,0.0,3.0517578125e-05,-1.0,-1.0,0,0,3.4732,0.3754,-0.054,0.7161,-0.48,20.3
2025-09-19T22:55:17.403,0.0,1.0,0.0,3.0517578125e-05,-1.0,-1.0,0,0,3.492,0.3763,-0.0541,0.7218,-0.36,20.35
2025-09-19T22:55:17.514,0.0,0.945343017578125,0.0,3.0517578125e-05,-1.0,-1.0,0,0,3.5101,0.3772,-0.0543,0.7272,-0.54,20.4
2025-09-19T22:55:17.626,0.0,0.843780517578125,0.0,3.0517578125e-05,-1.0,-1.0,0,0,3.5293,0.378,-0.0545,0.733,-0.6,20.44
2025-09-19T22:55:17.736,0.0,0.765655517578125,0.0,3.0517578125e-05,-1.0,-1.0,0,0,3.5479,0.3785,-0.0547,0.7387,-0.63,20.47
2025-09-19T22:55:17.847,0.0,0.687530517578125,0.0,3.0517578125e-05,-1.0,-1.0,0,0,3.5667,0.3791,-0.0549,0.7444,-0.62,20.5
2025-09-19T22:55:17.958,0.0,0.679718017578125,0.0,3.0517578125e-05,-1.0,-1.0,0,0,3.5848,0.3802,-0.0551,0.75,-0.83,20.56
2025-09-19T22:55:18.070,0.0,0.671905517578125,0.0,3.0517578125e-05,-1.0,-1.0,0,0,3.6038,0.381,-0.0553,0.7558,-0.69,20.61
2025-09-19T22:55:18.180,0.0,0.656280517578125,0.0,3.0517578125e-05,-1.0,-1.0,0,0,3.6223,0.3818,-0.0556,0.7615,-0.77,20.65
2025-09-19T22:55:18.292,0.0,0.601593017578125,0.0,3.0517578125e-05,-1.0,-1.0,0,0,3.6407,0.3825,-0.0558,0.7672,-0.86,20.69
2025-09-19T22:55:18.404,0.0,0.515655517578125,0.0,3.0517578125e-05,-1.0,-1.0,0,0,3.6597,0.3834,-0.0561,0.7731,-0.75,20.73
2025-09-19T22:55:18.516,0.0,0.460968017578125,0.0,3.0517578125e-05,-1.0,-1.0,0,0,3.6781,0.3841,-0.0564,0.7788,-0.82,20.77
2025-09-19T22:55:18.631,0.0,0.429718017578125,0.0,3.0517578125e-05,-1.0,-1.0,0,0,3.6968,0.3846,-0.0566,0.7846,-0.83,20.8
2025-09-19T22:55:18.742,0.0,0.359405517578125,0.0,3.0517578125e-05,-1.0,-1.0,0,0,3.7152,0.3854,-0.0569,0.7904,-0.92,20.84
2025-09-19T22:55:18.853,0.0,0.242218017578125,0.0,3.0517578125e-05,-1.0,-1.0,0,0,3.7339,0.386,-0.0572,0.7962,-0.91,20.87
2025-09-19T22:55:18.964,0.0,0.132843017578125,0.0,3.0517578125e-05,-1.0,-1.0,0,0,3.7527,0.3868,-0.0575,0.8021,-0.81,20.92
2025-09-19T22:55:19.077,0.0,3.0517578125e-05,0.0,3.0517578125e-05,-1.0,-1.0,0,0,3.7711,0.3875,-0.0578,0.8079,-0.9,20.96
2025-09-19T22:55:19.190,0.0,3.0517578125e-05,0.0,3.0517578125e-05,-1.0,-1.0,0,0,3.7895,0.3881,-0.0581,0.8137,-0.93,20.99
2025-09-19T22:55:19.302,0.0,3.0517578125e-05,0.0,3.0517578125e-05,-1.0,-1.0,0,0,3.8082,0.3886,-0.0584,0.8196,-0.91,21.02
2025-09-19T22:55:19.415,0.0,3.0517578125e-05,0.0,3.0517578125e-05,-1.0,-1.0,0,0,3.8267,0.3893,-0.0587,0.8255,-0.97,21.05
2025-09-19T22:55:19.529,0.0,3.0517578125e-05,0.0,3.0517578125e-05,-1.0,-1.0,0,0,3.8447,0.3901,-0.059,0.8312,-1.1,21.1
2025-09-19T22:55:19.640,0.0,3.0517578125e-05,0.0,3.0517578125e-05,-1.0,-1.0,0,0,3.8401,0.3909,-0.0589,0.8297,-0.81,21.15
2025-09-19T22:55:19.753,0.0,3.0517578125e-05,0.0,3.0517578125e-05,-1.0,-1.0,0,0,3.8499,0.3917,-0.0591,0.8329,-1.01,21.19
2025-09-19T22:55:19.864,0.0,3.0517578125e-05,0.0,3.0517578125e-05,-1.0,-1.0,0,0,3.877,0.3925,-0.0595,0.8415,-1.02,21.23
2025-09-19T22:55:19.978,0.0,3.0517578125e-05,0.0,3.0517578125e-05,-1.0,-1.0,0,0,3.8966,0.3939,-0.0598,0.8477,-0.63,21.31
2025-09-19T22:55:20.092,0.0,3.0517578125e-05,0.0,3.0517578125e-05,-1.0,-1.0,0,0,3.9129,0.3949,-0.06,0.853,-0.87,21.37
2025-09-19T22:55:20.204,0.0,3.0517578125e-05,0.0,3.0517578125e-05,-1.0,-1.0,0,0,3.9334,0.3965,-0.0603,0.8596,-0.41,21.46
2025-09-19T22:55:20.316,0.0,3.0517578125e-05,0.0,3.0517578125e-05,-1.0,-1.0,0,0,3.9517,0.3973,-0.0604,0.8654,-0.53,21.51
2025-09-19T22:55:20.430,0.0,3.0517578125e-05,0.0,3.0517578125e-05,-1.0,-1.0,0,0,3.9702,0.3982,-0.0606,0.8714,-0.38,21.55
2025-09-19T22:55:20.542,0.0,3.0517578125e-05,0.0,3.0517578125e-05,-1.0,-1.0,0,0,3.9885,0.3989,-0.0607,0.8774,-0.49,21.6
2025-09-19T22:55:20.656,0.0,3.0517578125e-05,0.0,3.0517578125e-05,-1.0,-1.0,0,0,4.0071,0.3995,-0.0609,0.8834,-0.52,21.62
2025-09-19T22:55:20.771,0.0,3.0517578125e-05,0.0,3.0517578125e-05,-1.0,-1.0,0,0,4.0257,0.4002,-0.061,0.8894,-0.44,21.66
2025-09-19T22:55:20.885,0.0,3.0517578125e-05,0.0,3.0517578125e-05,-1.0,-1.0,0,0,4.0436,0.4011,-0.0612,0.8953,-0.63,21.72
2025-09-19T22:55:20.999,0.0,3.0517578125e-05,0.0,3.0517578125e-05,-1.0,-1.0,0,0,4.0623,0.4019,-0.0614,0.9014,-0.55,21.75
2025-09-19T22:55:21.114,0.0,3.0517578125e-05,0.0,3.0517578125e-05,-1.0,-1.0,0,0,4.0803,0.4028,-0.0615,0.9073,-0.33,21.81
2025-09-19T22:55:21.228,0.0,3.0517578125e-05,0.0,3.0517578125e-05,-1.0,-1.0,0,0,4.0944,0.4037,-0.0616,0.9119,-0.52,21.86
2025-09-19T22:55:21.340,0.0,3.0517578125e-05,0.0,3.0517578125e-05,-1.0,-1.0,0,0,4.1083,0.4044,-0.0617,0.9165,-0.38,21.9
2025-09-19T22:55:21.452,0.0,3.0517578125e-05,0.0,3.0517578125e-05,-1.0,-1.0,0,0,4.1203,0.4047,-0.0618,0.9204,-0.37,21.91
2025-09-19T22:55:21.564,0.0,3.0517578125e-05,0.0,3.0517578125e-05,-1.0,-1.0,0,0,4.1154,0.4055,-0.0618,0.9188,-0.06,21.96
2025-09-19T22:55:21.677,0.0,3.0517578125e-05,0.0,3.0517578125e-05,-1.0,-1.0,0,0,4.1285,0.4061,-0.0618,0.9231,0.03,21.99
2025-09-19T22:55:21.791,0.0,3.0517578125e-05,0.0,3.0517578125e-05,-1.0,-1.0,0,0,4.1463,0.4066,-0.0618,0.929,0.05,22.02
2025-09-19T22:55:21.903,0.0,3.0517578125e-05,0.0,3.0517578125e-05,-1.0,-1.0,0,0,4.1551,0.407,-0.0618,0.9319,0.13,22.04
2025-09-19T22:55:22.016,0.0,3.0517578125e-05,0.0,3.0517578125e-05,-1.0,-1.0,0,0,4.1664,0.4079,-0.0617,0.9357,0.38,22.09
2025-09-19T22:55:22.127,0.0,3.0517578125e-05,0.0,3.0517578125e-05,-1.0,-1.0,0,0,4.1757,0.4083,-0.0617,0.9388,0.32,22.12
2025-09-19T22:55:22.239,0.0,3.0517578125e-05,0.0,3.0517578125e-05,-1.0,-1.0,0,0,4.1829,0.4085,-0.0616,0.9411,0.36,22.13
2025-09-19T22:55:22.353,0.0,3.0517578125e-05,0.0,3.0517578125e-05,-1.0,-1.0,0,0,4.1907,0.409,-0.0616,0.9437,0.5,22.16
2025-09-19T22:55:22.465,0.0,3.0517578125e-05,0.0,3.0517578125e-05,-1.0,-1.0,0,0,4.1964,0.4093,-0.0615,0.9456,0.56,22.17
2025-09-19T22:55:22.578,0.0,3.0517578125e-05,0.0,3.0517578125e-05,-1.0,-1.0,0,0,4.1993,0.4096,-0.0615,0.9466,0.65,22.19
2025-09-19T22:55:22.690,0.0,3.0517578125e-05,0.0,3.0517578125e-05,-1.0,-1.0,0,0,4.1997,0.4096,-0.0615,0.9467,0.65,22.19
2025-09-19T22:55:22.802,0.0,3.0517578125e-05,0.0,3.0517578125e-05,-1.0,-0.2470703125,0,0,4.1991,0.41,-0.0615,0.9467,0.87,22.22
2025-09-19T22:55:22.916,0.0,3.0517578125e-05,0.0,3.0517578125e-05,-1.0,0.0980224609375,0,0,4.199,0.41,-0.0615,0.9467,0.9,22.22
2025-09-19T22:55:23.028,0.0,3.0517578125e-05,0.0,3.0517578125e-05,-1.0,0.419586181640625,0,0,4.199,0.41,-0.0615,0.9467,0.9,22.22
2025-09-19T22:55:23.141,0.0,3.0517578125e-05,0.0,3.0517578125e-05,-1.0,0.811737060546875,0,0,4.1987,0.4104,-0.0615,0.9467,1.05,22.24
2025-09-19T22:55:23.252,0.0,3.0517578125e-05,0.0,3.0517578125e-05,-1.0,0.999969482421875,0,0,4.1986,0.4104,-0.0615,0.9467,1.09,22.24
2025-09-19T22:55:23.364,0.0,3.0517578125e-05,0.0,3.0517578125e-05,-1.0,0.999969482421875,0,0,4.1986,0.4104,-0.0615,0.9467,1.09,22.24
2025-09-19T22:55:23.473,0.0,3.0517578125e-05,0.0,3.0517578125e-05,-1.0,0.999969482421875,0,0,4.1981,0.4107,-0.0615,0.9467,1.25,22.26
2025-09-19T22:55:23.584,0.0,3.0517578125e-05,0.0,3.0517578125e-05,-1.0,0.999969482421875,0,0,4.1981,0.4107,-0.0615,0.9466,1.27,22.26
2025-09-19T22:55:23.697,0.0,3.0517578125e-05,0.0,3.0517578125e-05,-1.0,0.999969482421875,0,0,4.1981,0.4107,-0.0615,0.9466,1.27,22.26
2025-09-19T22:55:23.807,0.0,3.0517578125e-05,0.0,3.0517578125e-05,-1.0,0.999969482421875,0,0,4.1977,0.411,-0.0615,0.9466,1.41,22.28
2025-09-19T22:55:23.918,0.0,3.0517578125e-05,0.0,3.0517578125e-05,-1.0,0.999969482421875,0,0,4.1977,0.411,-0.0615,0.9466,1.41,22.28
2025-09-19T22:55:24.031,0.0,3.0517578125e-05,0.0,3.0517578125e-05,-1.0,0.999969482421875,0,0,4.1974,0.4113,-0.0615,0.9466,1.55,22.29
2025-09-19T22:55:24.141,0.0,3.0517578125e-05,0.0,3.0517578125e-05,-1.0,0.999969482421875,0,0,4.1973,0.4113,-0.0615,0.9466,1.58,22.29
2025-09-19T22:55:24.255,0.0,3.0517578125e-05,0.0,3.0517578125e-05,-1.0,0.999969482421875,0,0,4.1973,0.4113,-0.0615,0.9466,1.58,22.29
2025-09-19T22:55:24.367,0.0,3.0517578125e-05,0.0,3.0517578125e-05,-1.0,0.999969482421875,0,0,4.1973,0.4113,-0.0615,0.9466,1.58,22.29
2025-09-19T22:55:24.488,0.0,3.0517578125e-05,0.0,3.0517578125e-05,-1.0,0.999969482421875,0,0,4.1973,0.4113,-0.0615,0.9466,1.58,22.29
2025-09-19T22:55:24.604,0.0,3.0517578125e-05,0.0,3.0517578125e-05,-1.0,0.999969482421875,0,0,4.1973,0.4113,-0.0615,0.9466,1.58,22.29
2025-09-19T22:55:24.714,0.0,3.0517578125e-05,0.0,3.0517578125e-05,-1.0,0.999969482421875,0,0,4.1973,0.4113,-0.0615,0.9466,1.58,22.29
2025-09-19T22:55:24.825,0.0,3.0517578125e-05,0.0,3.0517578125e-05,-1.0,0.999969482421875,0,0,4.1973,0.4113,-0.0615,0.9466,1.58,22.29
2025-09-19T22:55:24.937,0.0,3.0517578125e-05,0.0,3.0517578125e-05,-1.0,0.999969482421875,0,0,4.1973,0.4113,-0.0615,0.9466,1.58,22.29
2025-09-19T22:55:25.047,0.0,3.0517578125e-05,0.0,3.0517578125e-05,-1.0,0.999969482421875,0,0,4.1973,0.4113,-0.0615,0.9466,1.58,22.29
2025-09-19T22:55:25.154,0.0,3.0517578125e-05,0.0,3.0517578125e-05,-1.0,0.999969482421875,0,0,4.1973,0.4113,-0.0615,0.9466,1.58,22.29
2025-09-19T22:55:25.262,0.0,3.0517578125e-05,0.0,3.0517578125e-05,-1.0,0.999969482421875,0,0,4.1973,0.4113,-0.0615,0.9466,1.58,22.29
2025-09-19T22:55:25.373,0.0,3.0517578125e-05,0.0,3.0517578125e-05,-1.0,0.999969482421875,0,0,4.1973,0.4113,-0.0615,0.9466,1.58,22.29
2025-09-19T22:55:25.485,0.0,3.0517578125e-05,0.0,3.0517578125e-05,-1.0,0.780364990234375,0,0,4.1973,0.4113,-0.0615,0.9466,1.58,22.29
2025-09-19T22:55:25.592,0.0,3.0517578125e-05,0.0,3.0517578125e-05,-1.0,0.199981689453125,0,0,4.1973,0.4113,-0.0615,0.9466,1.58,22.29
2025-09-19T22:55:25.702,0.0,3.0517578125e-05,0.0,3.0517578125e-05,-1.0,0.199981689453125,0,0,4.1973,0.4113,-0.0615,0.9466,1.58,22.29
2025-09-19T22:55:25.810,0.0,3.0517578125e-05,0.0,3.0517578125e-05,-1.0,0.12939453125,0,0,4.1973,0.4113,-0.0615,0.9466,1.58,22.29
2025-09-19T22:55:25.921,0.0,3.0517578125e-05,0.0,3.0517578125e-05,-1.0,-0.20001220703125,0,0,4.1973,0.4113,-0.0615,0.9466,1.58,22.29
2025-09-19T22:55:26.029,0.0,3.0517578125e-05,0.0,3.0517578125e-05,-1.0,-1.0,0,0,4.1973,0.4113,-0.0615,0.9466,1.58,22.29
2025-09-19T22:55:26.137,0.0,3.0517578125e-05,0.0,3.0517578125e-05,-1.0,-1.0,0,0,4.1973,0.4113,-0.0615,0.9466,1.58,22.29
2025-09-19T22:55:26.249,0.0,3.0517578125e-05,0.0,3.0517578125e-05,-1.0,-1.0,0,0,4.1973,0.4113,-0.0615,0.9466,1.58,22.29
2025-09-19T22:55:26.356,0.0,3.0517578125e-05,0.0,3.0517578125e-05,-1.0,-1.0,0,0,4.1973,0.4113,-0.0615,0.9466,1.58,22.29
2025-09-19T22:55:26.466,0.0,3.0517578125e-05,0.0,3.0517578125e-05,0.999969482421875,-1.0,0,0,4.1973,0.4113,-0.0615,0.9466,1.58,22.29
2025-09-19T22:55:26.574,0.0,3.0517578125e-05,0.0,3.0517578125e-05,0.999969482421875,-1.0,0,0,4.1973,0.4113,-0.0615,0.9466,1.58,22.29
2025-09-19T22:55:26.683,0.0,3.0517578125e-05,0.0,3.0517578125e-05,0.999969482421875,-1.0,0,0,4.1973,0.4113,-0.0615,0.9466,1.58,22.29
2025-09-19T22:55:26.792,0.0,3.0517578125e-05,0.0,3.0517578125e-05,0.999969482421875,-1.0,0,0,4.1973,0.4113,-0.0615,0.9466,1.58,22.29
2025-09-19T22:55:26.901,0.0,3.0517578125e-05,0.0,3.0517578125e-05,0.999969482421875,-1.0,0,0,4.1973,0.4113,-0.0615,0.9466,1.58,22.29
2025-09-19T22:55:27.010,0.0,3.0517578125e-05,0.0,3.0517578125e-05,0.999969482421875,-1.0,0,0,4.1973,0.4113,-0.0615,0.9466,1.58,22.29
2025-09-19T22:55:27.119,0.0,3.0517578125e-05,0.0,3.0517578125e-05,0.999969482421875,-1.0,0,0,4.1973,0.4113,-0.0615,0.9466,1.58,22.29
2025-09-19T22:55:27.228,0.0,3.0517578125e-05,0.0,3.0517578125e-05,0.999969482421875,-1.0,0,0,4.1973,0.4113,-0.0615,0.9466,1.58,22.29
2025-09-19T22:55:27.337,0.0,3.0517578125e-05,0.0,3.0517578125e-05,0.999969482421875,-1.0,0,0,4.1973,0.4113,-0.0615,0.9466,1.58,22.29
2025-09-19T22:55:27.444,0.0,3.0517578125e-05,0.0,3.0517578125e-05,0.999969482421875,-1.0,0,0,4.1973,0.4113,-0.0615,0.9466,1.58,22.29
2025-09-19T22:55:27.553,0.0,3.0517578125e-05,0.0,3.0517578125e-05,0.999969482421875,-1.0,0,0,4.1973,0.4113,-0.0615,0.9466,1.58,22.29
2025-09-19T22:55:27.660,0.0,3.0517578125e-05,0.0,3.0517578125e-05,0.999969482421875,-1.0,0,0,4.1973,0.4113,-0.0615,0.9466,1.58,22.29
2025-09-19T22:55:27.770,0.0,3.0517578125e-05,0.0,3.0517578125e-05,0.999969482421875,-1.0,0,0,4.1973,0.4113,-0.0615,0.9466,1.58,22.29
2025-09-19T22:55:27.880,0.0,3.0517578125e-05,0.0,3.0517578125e-05,0.999969482421875,-1.0,0,0,4.1973,0.4113,-0.0615,0.9466,1.58,22.29
2025-09-19T22:55:27.987,0.0,3.0517578125e-05,0.0,3.0517578125e-05,0.999969482421875,-1.0,0,0,4.1973,0.4113,-0.0615,0.9466,1.58,22.29
2025-09-19T22:55:28.095,0.0,3.0517578125e-05,0.0,3.0517578125e-05,0.999969482421875,-1.0,0,0,4.1973,0.4113,-0.0615,0.9466,1.58,22.29
2025-09-19T22:55:28.205,0.0,3.0517578125e-05,0.0,3.0517578125e-05,0.999969482421875,-1.0,0,0,4.1973,0.4113,-0.0615,0.9466,1.58,22.29
2025-09-19T22:55:28.312,0.0,3.0517578125e-05,0.0,3.0517578125e-05,0.607818603515625,-1.0,0,0,4.1973,0.4113,-0.0615,0.9466,1.58,22.29
2025-09-19T22:55:28.421,0.0,3.0517578125e-05,0.0,3.0517578125e-05,0.403900146484375,-1.0,0,0,4.1973,0.4113,-0.0615,0.9466,1.58,22.29
2025-09-19T22:55:28.570,0.0,3.0517578125e-05,0.0,3.0517578125e-05,0.058807373046875,-1.0,0,0,4.1973,0.4113,-0.0615,0.9466,1.58,22.29
2025-09-19T22:55:28.678,0.0,3.0517578125e-05,0.0,3.0517578125e-05,-0.239227294921875,-1.0,0,0,4.1973,0.4113,-0.0615,0.9466,1.58,22.29
2025-09-19T22:55:28.787,0.0,3.0517578125e-05,0.0,3.0517578125e-05,-1.0,-1.0,0,0,4.1973,0.4113,-0.0615,0.9466,1.58,22.29
2025-09-19T22:55:28.895,0.0,3.0517578125e-05,0.0,3.0517578125e-05,-1.0,0.999969482421875,0,0,4.1973,0.4113,-0.0615,0.9466,1.58,22.29
2025-09-19T22:55:29.005,0.0,3.0517578125e-05,0.0,3.0517578125e-05,-1.0,0.999969482421875,0,0,4.1973,0.4113,-0.0615,0.9466,1.58,22.29
2025-09-19T22:55:29.112,0.0,3.0517578125e-05,0.0,3.0517578125e-05,-1.0,0.999969482421875,0,0,4.1973,0.4113,-0.0615,0.9466,1.58,22.29
2025-09-19T22:55:29.219,0.0,3.0517578125e-05,0.0,3.0517578125e-05,-1.0,0.999969482421875,0,0,4.1973,0.4113,-0.0615,0.9466,1.58,22.29
2025-09-19T22:55:29.327,0.0,3.0517578125e-05,0.0,3.0517578125e-05,-1.0,0.999969482421875,0,0,4.1973,0.4113,-0.0615,0.9466,1.58,22.29
2025-09-19T22:55:29.436,0.0,3.0517578125e-05,0.0,3.0517578125e-05,-1.0,0.999969482421875,0,0,4.1973,0.4113,-0.0615,0.9466,1.58,22.29
2025-09-19T22:55:29.543,0.0,3.0517578125e-05,0.0,3.0517578125e-05,-1.0,0.999969482421875,0,0,4.1973,0.4113,-0.0615,0.9466,1.58,22.29
2025-09-19T22:55:29.652,0.0,3.0517578125e-05,0.0,3.0517578125e-05,-1.0,0.999969482421875,0,0,4.1973,0.4113,-0.0615,0.9466,1.58,22.29
2025-09-19T22:55:29.759,0.0,3.0517578125e-05,0.0,3.0517578125e-05,-1.0,0.999969482421875,0,0,4.1973,0.4113,-0.0615,0.9466,1.58,22.29
2025-09-19T22:55:29.867,0.0,3.0517578125e-05,0.0,3.0517578125e-05,-1.0,0.999969482421875,0,0,4.1973,0.4113,-0.0615,0.9466,1.58,22.29
2025-09-19T22:55:29.977,0.0,3.0517578125e-05,0.0,3.0517578125e-05,-1.0,0.999969482421875,0,0,4.1973,0.4113,-0.0615,0.9466,1.58,22.29
2025-09-19T22:55:30.085,0.0,3.0517578125e-05,0.0,3.0517578125e-05,-1.0,0.999969482421875,0,0,4.1973,0.4113,-0.0615,0.9466,1.58,22.29
2025-09-19T22:55:30.193,0.0,3.0517578125e-05,0.0,3.0517578125e-05,-1.0,0.999969482421875,0,0,4.1973,0.4113,-0.0615,0.9466,1.58,22.29
2025-09-19T22:55:30.301,0.0,3.0517578125e-05,0.0,3.0517578125e-05,-1.0,0.999969482421875,0,0,4.1973,0.4113,-0.0615,0.9466,1.58,22.29
2025-09-19T22:55:30.410,0.0,3.0517578125e-05,0.0,3.0517578125e-05,-1.0,0.999969482421875,0,0,4.1973,0.4113,-0.0615,0.9466,1.58,22.29
2025-09-19T22:55:30.520,0.0,3.0517578125e-05,0.0,3.0517578125e-05,-1.0,0.999969482421875,0,0,4.1973,0.4113,-0.0615,0.9466,1.58,22.29
2025-09-19T22:55:30.627,0.0,3.0517578125e-05,0.0,3.0517578125e-05,-1.0,0.999969482421875,0,0,4.1973,0.4113,-0.0615,0.9466,1.58,22.29
2025-09-19T22:55:30.736,0.0,3.0517578125e-05,0.0,3.0517578125e-05,-1.0,0.999969482421875,0,0,4.1973,0.4113,-0.0615,0.9466,1.58,22.29
2025-09-19T22:55:30.845,0.0,3.0517578125e-05,0.0,3.0517578125e-05,-1.0,0.999969482421875,0,0,4.1973,0.4113,-0.0615,0.9466,1.58,22.29
2025-09-19T22:55:30.954,0.0,3.0517578125e-05,0.0,3.0517578125e-05,-1.0,0.999969482421875,0,0,4.1973,0.4113,-0.0615,0.9466,1.58,22.29
2025-09-19T22:55:31.063,0.0,3.0517578125e-05,0.0,3.0517578125e-05,-1.0,0.999969482421875,0,0,4.1973,0.4113,-0.0615,0.9466,1.58,22.29
2025-09-19T22:55:31.173,0.0,3.0517578125e-05,0.0,3.0517578125e-05,-1.0,0.999969482421875,0,0,4.1973,0.4113,-0.0615,0.9466,1.58,22.29
2025-09-19T22:55:31.282,0.0,3.0517578125e-05,0.0,3.0517578125e-05,-1.0,0.999969482421875,0,0,4.1973,0.4113,-0.0615,0.9466,1.58,22.29
2025-09-19T22:55:31.392,0.0,3.0517578125e-05,0.0,3.0517578125e-05,-1.0,0.403900146484375,0,0,4.1973,0.4113,-0.0615,0.9466,1.58,22.29
2025-09-19T22:55:31.500,0.0,3.0517578125e-05,0.0,3.0517578125e-05,-1.0,-1.0,0,0,4.1973,0.4113,-0.0615,0.9466,1.58,22.29
2025-09-19T22:55:31.610,0.0,3.0517578125e-05,0.0,3.0517578125e-05,-1.0,-1.0,0,0,4.1973,0.4113,-0.0615,0.9466,1.58,22.29
2025-09-19T22:55:31.719,0.0,3.0517578125e-05,0.0,3.0517578125e-05,-1.0,-1.0,0,0,4.1973,0.4113,-0.0615,0.9466,1.58,22.29
2025-09-19T22:55:31.828,0.0,3.0517578125e-05,0.0,3.0517578125e-05,-0.35687255859375,-1.0,0,0,4.1973,0.4113,-0.0615,0.9466,1.58,22.29
2025-09-19T22:55:31.937,0.0,3.0517578125e-05,0.0,3.0517578125e-05,0.819580078125,-1.0,0,0,4.1973,0.4113,-0.0615,0.9466,1.58,22.29
2025-09-19T22:55:32.047,0.0,3.0517578125e-05,0.0,3.0517578125e-05,0.999969482421875,-1.0,0,0,4.1973,0.4113,-0.0615,0.9466,1.58,22.29
2025-09-19T22:55:32.156,0.0,3.0517578125e-05,0.0,3.0517578125e-05,0.999969482421875,-1.0,0,0,4.1973,0.4113,-0.0615,0.9466,1.58,22.29
2025-09-19T22:55:32.265,0.0,3.0517578125e-05,0.0,3.0517578125e-05,0.999969482421875,-1.0,0,0,4.1973,0.4113,-0.0615,0.9466,1.58,22.29
2025-09-19T22:55:32.377,0.0,3.0517578125e-05,0.0,3.0517578125e-05,0.999969482421875,-1.0,0,0,4.1973,0.4113,-0.0615,0.9466,1.58,22.29
2025-09-19T22:55:32.487,0.0,3.0517578125e-05,0.0,3.0517578125e-05,0.999969482421875,-1.0,0,0,4.1973,0.4113,-0.0615,0.9466,1.58,22.29
2025-09-19T22:55:32.596,0.0,3.0517578125e-05,0.0,3.0517578125e-05,0.999969482421875,-1.0,0,0,4.1973,0.4113,-0.0615,0.9466,1.58,22.29
2025-09-19T22:55:32.706,0.0,3.0517578125e-05,0.0,3.0517578125e-05,0.999969482421875,-1.0,0,0,4.1973,0.4113,-0.0615,0.9466,1.58,22.29
2025-09-19T22:55:32.814,0.0,3.0517578125e-05,0.0,3.0517578125e-05,0.999969482421875,-1.0,0,0,4.1973,0.4113,-0.0615,0.9466,1.58,22.29
2025-09-19T22:55:32.924,0.0,3.0517578125e-05,0.0,3.0517578125e-05,0.999969482421875,-1.0,0,0,4.1973,0.4113,-0.0615,0.9466,1.58,22.29
2025-09-19T22:55:33.034,0.0,3.0517578125e-05,0.0,3.0517578125e-05,0.999969482421875,-1.0,0,0,4.1973,0.4113,-0.0615,0.9466,1.58,22.29
2025-09-19T22:55:33.145,0.0,3.0517578125e-05,0.0,3.0517578125e-05,0.999969482421875,-1.0,0,0,4.1973,0.4113,-0.0615,0.9466,1.58,22.29
2025-09-19T22:55:33.255,0.0,3.0517578125e-05,0.0,3.0517578125e-05,-1.0,-1.0,0,0,4.1973,0.4113,-0.0615,0.9466,1.58,22.29
2025-09-19T22:55:33.367,0.0,3.0517578125e-05,0.0,3.0517578125e-05,-1.0,-1.0,0,0,4.1973,0.4113,-0.0615,0.9466,1.58,22.29
2025-09-19T22:55:33.477,0.0,3.0517578125e-05,0.0,3.0517578125e-05,-1.0,-1.0,0,0,4.1973,0.4113,-0.0615,0.9466,1.58,22.29
2025-09-19T22:55:33.588,0.0,3.0517578125e-05,0.0,3.0517578125e-05,-1.0,-1.0,0,0,4.1973,0.4113,-0.0615,0.9466,1.58,22.29
2025-09-19T22:55:33.701,0.0,3.0517578125e-05,0.0,3.0517578125e-05,-1.0,-1.0,0,0,4.1973,0.4113,-0.0615,0.9466,1.58,22.29
2025-09-19T22:55:33.812,0.0,3.0517578125e-05,0.0,3.0517578125e-05,-1.0,-1.0,0,0,4.1973,0.4113,-0.0615,0.9466,1.58,22.29
2025-09-19T22:55:33.924,0.0,3.0517578125e-05,0.0,3.0517578125e-05,-1.0,-1.0,0,0,4.1973,0.4113,-0.0615,0.9466,1.58,22.29
2025-09-19T22:55:34.036,0.0,3.0517578125e-05,0.0,3.0517578125e-05,-1.0,-1.0,0,0,4.1973,0.4113,-0.0615,0.9466,1.58,22.29
2025-09-19T22:55:34.147,0.0,3.0517578125e-05,0.0,3.0517578125e-05,-1.0,-1.0,0,0,4.1973,0.4113,-0.0615,0.9466,1.58,22.29
2025-09-19T22:55:34.257,0.0,3.0517578125e-05,0.0,3.0517578125e-05,-1.0,-1.0,0,0,4.1973,0.4113,-0.0615,0.9466,1.58,22.29
2025-09-19T22:55:34.369,0.0,3.0517578125e-05,0.0,3.0517578125e-05,-1.0,-1.0,0,0,4.1973,0.4113,-0.0615,0.9466,1.58,22.29
2025-09-19T22:55:34.482,0.0,3.0517578125e-05,0.0,3.0517578125e-05,-1.0,-1.0,0,0,4.1973,0.4113,-0.0615,0.9466,1.58,22.29
2025-09-19T22:55:34.597,0.0,3.0517578125e-05,0.0,3.0517578125e-05,-1.0,-1.0,0,0,4.1973,0.4113,-0.0615,0.9466,1.58,22.29
2025-09-19T22:55:34.712,0.0,3.0517578125e-05,0.0,3.0517578125e-05,-1.0,-1.0,0,0,4.1973,0.4113,-0.0615,0.9466,1.58,22.29
2025-09-19T22:55:34.825,0.0,3.0517578125e-05,0.0,3.0517578125e-05,-1.0,-1.0,0,0,4.1973,0.4113,-0.0615,0.9466,1.58,22.29
2025-09-19T22:55:34.936,0.0,3.0517578125e-05,0.0,3.0517578125e-05,-1.0,-1.0,0,0,4.1973,0.4113,-0.0615,0.9466,1.58,22.29
2025-09-19T22:55:35.047,0.0,3.0517578125e-05,0.0,3.0517578125e-05,-1.0,-1.0,0,0,4.1973,0.4113,-0.0615,0.9466,1.58,22.29
2025-09-19T22:55:35.158,0.0,3.0517578125e-05,0.0,3.0517578125e-05,-1.0,-1.0,0,0,4.1973,0.4113,-0.0615,0.9466,1.58,22.29
2025-09-19T22:55:35.270,0.0,3.0517578125e-05,0.0,3.0517578125e-05,-1.0,-1.0,0,0,4.1973,0.4113,-0.0615,0.9466,1.58,22.29
2025-09-19T22:55:35.381,0.0,3.0517578125e-05,0.0,3.0517578125e-05,-1.0,-1.0,0,0,4.1973,0.4113,-0.0615,0.9466,1.58,22.29
2025-09-19T22:55:35.493,0.0,3.0517578125e-05,0.0,3.0517578125e-05,-1.0,-1.0,0,0,4.1973,0.4113,-0.0615,0.9466,1.58,22.29
2025-09-19T22:55:35.604,0.0,3.0517578125e-05,0.0,3.0517578125e-05,-1.0,-1.0,0,0,4.1973,0.4113,-0.0615,0.9466,1.58,22.29
2025-09-19T22:55:35.716,0.0,3.0517578125e-05,0.0,3.0517578125e-05,-1.0,-1.0,0,0,4.1973,0.4113,-0.0615,0.9466,1.58,22.29
2025-09-19T22:55:35.828,0.0,3.0517578125e-05,0.0,3.0517578125e-05,-1.0,-1.0,0,0,4.1973,0.4113,-0.0615,0.9466,1.58,22.29
2025-09-19T22:55:35.939,0.0,3.0517578125e-05,0.0,3.0517578125e-05,-1.0,-1.0,0,0,4.1973,0.4113,-0.0615,0.9466,1.58,22.29
2025-09-19T22:55:36.049,0.0,3.0517578125e-05,0.0,3.0517578125e-05,-1.0,-1.0,0,0,4.1973,0.4113,-0.0615,0.9466,1.58,22.29
2025-09-19T22:55:36.164,0.0,3.0517578125e-05,0.0,3.0517578125e-05,-1.0,-1.0,0,0,4.1973,0.4113,-0.0615,0.9466,1.58,22.29
2025-09-19T22:55:36.276,0.0,3.0517578125e-05,0.0,3.0517578125e-05,-1.0,-1.0,0,0,4.1973,0.4113,-0.0615,0.9466,1.58,22.29
2025-09-19T22:55:36.390,0.0,3.0517578125e-05,0.0,3.0517578125e-05,-1.0,-1.0,0,0,4.1973,0.4113,-0.0615,0.9466,1.58,22.29
2025-09-19T22:55:36.503,0.0,3.0517578125e-05,0.0,3.0517578125e-05,-1.0,-1.0,0,0,4.1973,0.4113,-0.0615,0.9466,1.58,22.29
2025-09-19T22:55:36.617,0.0,3.0517578125e-05,0.0,3.0517578125e-05,-1.0,-1.0,0,0,4.1973,0.4113,-0.0615,0.9466,1.58,22.29
2025-09-19T22:55:36.729,0.0,3.0517578125e-05,0.0,3.0517578125e-05,-1.0,-1.0,0,0,4.1973,0.4113,-0.0615,0.9466,1.58,22.29
2025-09-19T22:55:36.841,0.0,3.0517578125e-05,0.0,3.0517578125e-05,-1.0,-1.0,0,0,4.1973,0.4113,-0.0615,0.9466,1.58,22.29
2025-09-19T22:55:36.952,0.0,3.0517578125e-05,0.0,3.0517578125e-05,-1.0,-1.0,0,0,4.1973,0.4113,-0.0615,0.9466,1.58,22.29
2025-09-19T22:55:37.063,0.0,3.0517578125e-05,0.0,3.0517578125e-05,-1.0,-1.0,0,0,4.1973,0.4113,-0.0615,0.9466,1.58,22.29
2025-09-19T22:55:37.173,0.0,3.0517578125e-05,0.0,3.0517578125e-05,-1.0,-1.0,0,0,4.1973,0.4113,-0.0615,0.9466,1.58,22.29
2025-09-19T22:55:37.284,0.0,3.0517578125e-05,0.0,3.0517578125e-05,-1.0,-1.0,0,0,4.1973,0.4113,-0.0615,0.9466,1.58,22.29
2025-09-19T22:55:37.397,0.0,3.0517578125e-05,0.0,3.0517578125e-05,-1.0,-1.0,0,0,4.1973,0.4113,-0.0615,0.9466,1.58,22.29
2025-09-19T22:55:37.507,0.0,3.0517578125e-05,0.0,3.0517578125e-05,-1.0,-1.0,0,0,4.1973,0.4113,-0.0615,0.9466,1.58,22.29
2025-09-19T22:55:37.620,0.0,3.0517578125e-05,0.0,3.0517578125e-05,-1.0,-1.0,0,0,4.1973,0.4113,-0.0615,0.9466,1.58,22.29
2025-09-19T22:55:37.733,0.0,3.0517578125e-05,0.0,3.0517578125e-05,-1.0,-1.0,0,0,4.1973,0.4113,-0.0615,0.9466,1.58,22.29
2025-09-19T22:55:37.846,0.0,3.0517578125e-05,0.0,3.0517578125e-05,-1.0,-1.0,0,0,4.1973,0.4113,-0.0615,0.9466,1.58,22.29
2025-09-19T22:55:37.958,0.0,3.0517578125e-05,0.0,3.0517578125e-05,-1.0,-1.0,0,0,4.1973,0.4113,-0.0615,0.9466,1.58,22.29
2025-09-19T22:55:38.071,0.0,3.0517578125e-05,0.0,3.0517578125e-05,-1.0,-1.0,0,0,4.1973,0.4113,-0.0615,0.9466,1.58,22.29
2025-09-19T22:55:38.181,0.0,3.0517578125e-05,0.0,3.0517578125e-05,-1.0,-1.0,0,0,4.1973,0.4113,-0.0615,0.9466,1.58,22.29
2025-09-19T22:55:38.292,0.0,3.0517578125e-05,0.0,3.0517578125e-05,-1.0,-1.0,0,0,4.1973,0.4113,-0.0615,0.9466,1.58,22.29
2025-09-19T22:55:38.404,0.0,3.0517578125e-05,0.0,3.0517578125e-05,-1.0,-1.0,0,0,4.1973,0.4113,-0.0615,0.9466,1.58,22.29
2025-09-19T22:55:38.517,0.0,3.0517578125e-05,0.0,3.0517578125e-05,-1.0,-1.0,0,0,4.1973,0.4113,-0.0615,0.9466,1.58,22.29
2025-09-19T22:55:38.630,0.0,3.0517578125e-05,0.0,3.0517578125e-05,-1.0,-1.0,0,0,4.1973,0.4113,-0.0615,0.9466,1.58,22.29
2025-09-19T22:55:38.741,0.0,3.0517578125e-05,0.0,3.0517578125e-05,-1.0,-1.0,0,0,4.1973,0.4113,-0.0615,0.9466,1.58,22.29
2025-09-19T22:55:38.855,0.0,3.0517578125e-05,0.0,3.0517578125e-05,-1.0,-1.0,0,0,4.1973,0.4113,-0.0615,0.9466,1.58,22.29
2025-09-19T22:55:38.967,0.0,3.0517578125e-05,0.0,3.0517578125e-05,-1.0,-1.0,0,0,4.1973,0.4113,-0.0615,0.9466,1.58,22.29
2025-09-19T22:55:39.078,0.0,3.0517578125e-05,0.0,3.0517578125e-05,-1.0,-1.0,0,0,4.1973,0.4113,-0.0615,0.9466,1.58,22.29
2025-09-19T22:55:39.193,0.0,3.0517578125e-05,0.0,3.0517578125e-05,-1.0,-1.0,0,0,4.1973,0.4113,-0.0615,0.9466,1.58,22.29
2025-09-19T22:55:39.304,0.0,3.0517578125e-05,0.0,3.0517578125e-05,-1.0,-1.0,0,0,4.1973,0.4113,-0.0615,0.9466,1.58,22.29
2025-09-19T22:55:39.417,0.0,3.0517578125e-05,0.0,3.0517578125e-05,-1.0,-1.0,0,0,4.1973,0.4113,-0.0615,0.9466,1.58,22.29
2025-09-19T22:55:39.537,0.0,3.0517578125e-05,0.0,3.0517578125e-05,-1.0,-1.0,0,0,4.1973,0.4113,-0.0615,0.9466,1.58,22.29
2025-09-19T22:55:39.653,0.0,3.0517578125e-05,0.0,3.0517578125e-05,-1.0,-1.0,0,0,4.1973,0.4113,-0.0615,0.9466,1.58,22.29
2025-09-19T22:55:39.765,0.0,3.0517578125e-05,0.0,3.0517578125e-05,-1.0,-1.0,0,0,4.1973,0.4113,-0.0615,0.9466,1.58,22.29
2025-09-19T22:55:39.875,0.0,3.0517578125e-05,0.0,3.0517578125e-05,-1.0,-1.0,0,0,4.1973,0.4113,-0.0615,0.9466,1.58,22.29
2025-09-19T22:55:39.989,0.0,3.0517578125e-05,0.0,3.0517578125e-05,-1.0,-1.0,0,0,4.1973,0.4113,-0.0615,0.9466,1.58,22.29
2025-09-19T22:55:40.101,0.0,3.0517578125e-05,0.0,3.0517578125e-05,-1.0,-1.0,0,0,4.1973,0.4113,-0.0615,0.9466,1.58,22.29
2025-09-19T22:55:40.211,0.0,3.0517578125e-05,0.0,3.0517578125e-05,-1.0,-1.0,0,0,4.1973,0.4113,-0.0615,0.9466,1.58,22.29
2025-09-19T22:55:40.321,0.0,3.0517578125e-05,0.0,3.0517578125e-05,-1.0,-1.0,0,0,4.1973,0.4113,-0.0615,0.9466,1.58,22.29
2025-09-19T22:55:40.431,0.0,3.0517578125e-05,0.0,3.0517578125e-05,-1.0,-1.0,0,0,4.1973,0.4113,-0.0615,0.9466,1.58,22.29
2025-09-19T22:55:40.540,0.0,3.0517578125e-05,0.0,3.0517578125e-05,-1.0,-1.0,0,0,4.1973,0.4113,-0.0615,0.9466,1.58,22.29
2025-09-19T22:55:40.652,0.0,3.0517578125e-05,0.0,3.0517578125e-05,-1.0,-1.0,0,0,4.1973,0.4113,-0.0615,0.9466,1.58,22.29
2025-09-19T22:55:40.762,0.0,3.0517578125e-05,0.0,3.0517578125e-05,-1.0,-1.0,0,0,4.1973,0.4113,-0.0615,0.9466,1.58,22.29
2025-09-19T22:55:40.872,0.0,3.0517578125e-05,0.0,3.0517578125e-05,-1.0,-1.0,0,0,4.1973,0.4113,-0.0615,0.9466,1.58,22.29
2025-09-19T22:55:40.985,0.0,3.0517578125e-05,0.0,3.0517578125e-05,-1.0,-1.0,0,0,4.1973,0.4113,-0.0615,0.9466,1.58,22.29
2025-09-19T22:55:41.095,0.0,3.0517578125e-05,0.0,3.0517578125e-05,-1.0,-1.0,0,0,4.1973,0.4113,-0.0615,0.9466,1.58,22.29
2025-09-19T22:55:41.205,0.0,3.0517578125e-05,0.0,3.0517578125e-05,-1.0,-1.0,0,0,4.1973,0.4113,-0.0615,0.9466,1.58,22.29
2025-09-19T22:55:41.317,0.0,3.0517578125e-05,0.0,3.0517578125e-05,-1.0,-1.0,0,0,4.1973,0.4113,-0.0615,0.9466,1.58,22.29
2025-09-19T22:55:41.426,0.0,3.0517578125e-05,0.0,3.0517578125e-05,-1.0,-1.0,0,0,4.1973,0.4113,-0.0615,0.9466,1.58,22.29
2025-09-19T22:55:41.536,0.0,3.0517578125e-05,0.0,3.0517578125e-05,-1.0,-1.0,0,0,4.1973,0.4113,-0.0615,0.9466,1.58,22.29
2025-09-19T22:55:41.646,0.0,3.0517578125e-05,0.0,3.0517578125e-05,-1.0,-1.0,0,0,4.1973,0.4113,-0.0615,0.9466,1.58,22.29
2025-09-19T22:55:41.757,0.0,3.0517578125e-05,0.0,3.0517578125e-05,-1.0,-1.0,0,0,4.1973,0.4113,-0.0615,0.9466,1.58,22.29
2025-09-19T22:55:41.868,0.0,3.0517578125e-05,0.0,3.0517578125e-05,-1.0,-1.0,0,0,4.1973,0.4113,-0.0615,0.9466,1.58,22.29
2025-09-19T22:55:41.978,0.0,3.0517578125e-05,0.0,3.0517578125e-05,-1.0,-1.0,0,0,4.1973,0.4113,-0.0615,0.9466,1.58,22.29
2025-09-19T22:55:42.089,0.0,3.0517578125e-05,0.0,3.0517578125e-05,-1.0,-1.0,0,0,4.1973,0.4113,-0.0615,0.9466,1.58,22.29
2025-09-19T22:55:42.210,0.0,3.0517578125e-05,0.0,3.0517578125e-05,-1.0,-1.0,0,0,4.1973,0.4113,-0.0615,0.9466,1.58,22.29
2025-09-19T22:55:42.340,0.0,3.0517578125e-05,0.0,3.0517578125e-05,-1.0,-1.0,0,0,4.1973,0.4113,-0.0615,0.9466,1.58,22.29
2025-09-19T22:55:42.458,0.0,3.0517578125e-05,0.0,3.0517578125e-05,-1.0,-1.0,0,0,4.1973,0.4113,-0.0615,0.9466,1.58,22.29
2025-09-19T22:55:42.571,0.0,3.0517578125e-05,0.0,3.0517578125e-05,-1.0,-1.0,0,0,4.1973,0.4113,-0.0615,0.9466,1.58,22.29
2025-09-19T22:55:42.685,0.0,3.0517578125e-05,0.0,3.0517578125e-05,-1.0,-1.0,0,0,4.1973,0.4113,-0.0615,0.9466,1.58,22.29
2025-09-19T22:55:42.794,0.0,3.0517578125e-05,0.0,3.0517578125e-05,-1.0,-1.0,0,0,4.1973,0.4113,-0.0615,0.9466,1.58,22.29
2025-09-19T22:55:42.907,0.0,3.0517578125e-05,0.0,3.0517578125e-05,-1.0,-1.0,0,0,4.1973,0.4113,-0.0615,0.9466,1.58,22.29
2025-09-19T22:55:43.021,0.0,3.0517578125e-05,0.0,3.0517578125e-05,-1.0,-1.0,0,0,4.1973,0.4113,-0.0615,0.9466,1.58,22.29
2025-09-19T22:55:43.135,0.0,3.0517578125e-05,0.0,3.0517578125e-05,-1.0,-1.0,0,0,4.1973,0.4113,-0.0615,0.9466,1.58,22.29
2025-09-19T22:55:43.240,0.0,3.0517578125e-05,0.0,3.0517578125e-05,-1.0,-1.0,0,0,4.1973,0.4113,-0.0615,0.9466,1.58,22.29
2025-09-19T22:55:43.354,0.0,3.0517578125e-05,0.0,3.0517578125e-05,-1.0,-1.0,0,0,4.1973,0.4113,-0.0615,0.9466,1.58,22.29
2025-09-19T22:55:43.578,0.0,3.0517578125e-05,0.0,3.0517578125e-05,-1.0,-1.0,0,0,4.1973,0.4113,-0.0615,0.9466,1.58,22.29
2025-09-19T22:55:43.684,0.0,3.0517578125e-05,0.0,3.0517578125e-05,-1.0,-1.0,0,0,4.1973,0.4113,-0.0615,0.9466,1.58,22.29
2025-09-19T22:55:43.789,0.0,3.0517578125e-05,0.0,3.0517578125e-05,-1.0,-1.0,0,0,4.1973,0.4113,-0.0615,0.9466,1.58,22.29
2025-09-19T22:55:43.894,0.0,3.0517578125e-05,0.0,3.0517578125e-05,-1.0,-1.0,0,0,4.1973,0.4113,-0.0615,0.9466,1.58,22.29
2025-09-19T22:55:44.002,0.0,3.0517578125e-05,0.0,3.0517578125e-05,-1.0,-1.0,0,0,4.1973,0.4113,-0.0615,0.9466,1.58,22.29
2025-09-19T22:55:44.106,0.0,3.0517578125e-05,0.0,3.0517578125e-05,-1.0,-1.0,0,0,4.1973,0.4113,-0.0615,0.9466,1.58,22.29
2025-09-19T22:55:44.212,0.0,3.0517578125e-05,0.0,3.0517578125e-05,-1.0,-1.0,0,0,4.1973,0.4113,-0.0615,0.9466,1.58,22.29
2025-09-19T22:55:44.316,0.0,3.0517578125e-05,0.0,3.0517578125e-05,-1.0,-1.0,0,0,4.1973,0.4113,-0.0615,0.9466,1.58,22.29
2025-09-19T22:55:44.420,0.0,3.0517578125e-05,0.0,3.0517578125e-05,-1.0,-1.0,0,0,4.1973,0.4113,-0.0615,0.9466,1.58,22.29
2025-09-19T22:55:44.523,0.0,3.0517578125e-05,0.0,3.0517578125e-05,-1.0,-1.0,0,0,4.1973,0.4113,-0.0615,0.9466,1.58,22.29
2025-09-19T22:55:44.635,0.0,3.0517578125e-05,0.0,3.0517578125e-05,-1.0,-1.0,0,0,4.1973,0.4113,-0.0615,0.9466,1.58,22.29
2025-09-19T22:55:44.743,0.0,3.0517578125e-05,0.0,3.0517578125e-05,-1.0,-1.0,0,0,4.1973,0.4113,-0.0615,0.9466,1.58,22.29
2025-09-19T22:55:44.855,0.0,3.0517578125e-05,0.0,3.0517578125e-05,-1.0,-1.0,0,0,4.1973,0.4113,-0.0615,0.9466,1.58,22.29
2025-09-19T22:55:44.964,0.0,3.0517578125e-05,0.0,3.0517578125e-05,-1.0,-1.0,0,0,4.1973,0.4113,-0.0615,0.9466,1.58,22.29
2025-09-19T22:55:45.073,0.0,3.0517578125e-05,0.0,3.0517578125e-05,-1.0,-1.0,0,0,4.1973,0.4113,-0.0615,0.9466,1.58,22.29
2025-09-19T22:55:45.185,0.0,3.0517578125e-05,0.0,3.0517578125e-05,-1.0,-1.0,0,0,4.1973,0.4113,-0.0615,0.9466,1.58,22.29
2025-09-19T22:55:45.294,0.0,3.0517578125e-05,0.0,3.0517578125e-05,-1.0,-1.0,0,0,4.1973,0.4113,-0.0615,0.9466,1.58,22.29
2025-09-19T22:55:45.407,0.0,3.0517578125e-05,0.0,3.0517578125e-05,-1.0,-1.0,0,0,4.1973,0.4113,-0.0615,0.9466,1.58,22.29
2025-09-19T22:55:45.516,0.0,3.0517578125e-05,0.0,3.0517578125e-05,-1.0,-1.0,0,0,4.1973,0.4113,-0.0615,0.9466,1.58,22.29
2025-09-19T22:55:45.623,0.0,3.0517578125e-05,0.0,3.0517578125e-05,-1.0,-1.0,0,0,4.1973,0.4113,-0.0615,0.9466,1.58,22.29
2025-09-19T22:55:45.733,0.0,3.0517578125e-05,0.0,3.0517578125e-05,-1.0,-1.0,0,0,4.1973,0.4113,-0.0615,0.9466,1.58,22.29
2025-09-19T22:55:45.844,0.0,3.0517578125e-05,0.0,3.0517578125e-05,-1.0,-1.0,0,0,4.1973,0.4113,-0.0615,0.9466,1.58,22.29
2025-09-19T22:55:45.952,0.0,3.0517578125e-05,0.0,3.0517578125e-05,-1.0,-1.0,0,0,4.1973,0.4113,-0.0615,0.9466,1.58,22.29
2025-09-19T22:55:46.058,0.0,3.0517578125e-05,0.0,3.0517578125e-05,-1.0,-1.0,0,0,4.1973,0.4113,-0.0615,0.9466,1.58,22.29
2025-09-19T22:55:46.162,0.0,3.0517578125e-05,0.0,3.0517578125e-05,-1.0,-1.0,0,0,4.1973,0.4113,-0.0615,0.9466,1.58,22.29
2025-09-19T22:55:46.268,0.0,3.0517578125e-05,0.0,3.0517578125e-05,-1.0,-1.0,0,0,4.1973,0.4113,-0.0615,0.9466,1.58,22.29
2025-09-19T22:55:46.372,0.0,3.0517578125e-05,0.0,3.0517578125e-05,-1.0,-1.0,0,0,4.1973,0.4113,-0.0615,0.9466,1.58,22.29
2025-09-19T22:55:46.477,0.0,3.0517578125e-05,0.0,3.0517578125e-05,-1.0,-1.0,0,0,4.1973,0.4113,-0.0615,0.9466,1.58,22.29
2025-09-19T22:55:46.581,0.0,3.0517578125e-05,0.0,3.0517578125e-05,-1.0,-1.0,0,0,4.1973,0.4113,-0.0615,0.9466,1.58,22.29
2025-09-19T22:55:46.685,0.0,3.0517578125e-05,0.0,3.0517578125e-05,-1.0,-1.0,0,0,4.1973,0.4113,-0.0615,0.9466,1.58,22.29
2025-09-19T22:55:46.789,0.0,3.0517578125e-05,0.0,3.0517578125e-05,-1.0,-1.0,0,0,4.1973,0.4113,-0.0615,0.9466,1.58,22.29
2025-09-19T22:55:46.893,0.0,3.0517578125e-05,0.0,3.0517578125e-05,-1.0,-1.0,0,0,4.1973,0.4113,-0.0615,0.9466,1.58,22.29
2025-09-19T22:55:47.000,0.0,3.0517578125e-05,0.0,3.0517578125e-05,-1.0,-1.0,0,0,4.1973,0.4113,-0.0615,0.9466,1.58,22.29
2025-09-19T22:55:47.105,0.0,3.0517578125e-05,0.0,3.0517578125e-05,-1.0,-1.0,0,0,4.1973,0.4113,-0.0615,0.9466,1.58,22.29
2025-09-19T22:55:47.212,0.0,3.0517578125e-05,0.0,3.0517578125e-05,-1.0,-1.0,0,0,4.1973,0.4113,-0.0615,0.9466,1.58,22.29
2025-09-19T22:55:47.317,0.0,3.0517578125e-05,0.0,3.0517578125e-05,-1.0,-1.0,0,0,4.1973,0.4113,-0.0615,0.9466,1.58,22.29
2025-09-19T22:55:47.422,0.0,3.0517578125e-05,0.0,3.0517578125e-05,-1.0,-1.0,0,0,4.1973,0.4113,-0.0615,0.9466,1.58,22.29
2025-09-19T22:55:47.528,0.0,3.0517578125e-05,0.0,3.0517578125e-05,-1.0,-1.0,0,0,4.1973,0.4113,-0.0615,0.9466,1.58,22.29
2025-09-19T22:55:47.634,0.0,3.0517578125e-05,0.0,3.0517578125e-05,-1.0,-1.0,0,0,4.1973,0.4113,-0.0615,0.9466,1.58,22.29
2025-09-19T22:55:47.740,0.0,3.0517578125e-05,0.0,3.0517578125e-05,-1.0,-1.0,0,0,4.1973,0.4113,-0.0615,0.9466,1.58,22.29
2025-09-19T22:55:47.847,0.0,3.0517578125e-05,0.0,3.0517578125e-05,-1.0,-1.0,0,0,4.1973,0.4113,-0.0615,0.9466,1.58,22.29
2025-09-19T22:55:47.900,0.0,3.0517578125e-05,0.0,3.0517578125e-05,-1.0,-1.0,0,0,4.1973,0.4113,-0.0615,0.9466,1.58,22.29
2025-09-19T22:55:47.964,0.0,3.0517578125e-05,0.0,3.0517578125e-05,-1.0,-1.0,0,0,4.1973,0.4113,-0.0615,0.9466,1.58,22.29
2025-09-19T22:55:48.019,0.0,3.0517578125e-05,0.0,3.0517578125e-05,-1.0,-1.0,0,0,4.1973,0.4113,-0.0615,0.9466,1.58,22.29
2025-09-19T22:55:48.129,0.0,3.0517578125e-05,0.0,3.0517578125e-05,-1.0,-1.0,0,0,4.1973,0.4113,-0.0615,0.9466,1.58,22.29
2025-09-19T22:55:48.200,0.0,3.0517578125e-05,0.0,3.0517578125e-05,-1.0,-1.0,0,0,4.1973,0.4113,-0.0615,0.9466,1.58,22.29
2025-09-19T22:55:48.268,0.0,3.0517578125e-05,0.0,3.0517578125e-05,-1.0,-1.0,0,0,4.1973,0.4113,-0.0615,0.9466,1.58,22.29
2025-09-19T22:55:48.335,0.0,3.0517578125e-05,0.0,3.0517578125e-05,-1.0,-1.0,0,0,4.1973,0.4113,-0.0615,0.9466,1.58,22.29
2025-09-19T22:55:48.403,0.0,3.0517578125e-05,0.0,3.0517578125e-05,-1.0,-1.0,0,0,4.1973,0.4113,-0.0615,0.9466,1.58,22.29
2025-09-19T22:55:48.471,0.0,3.0517578125e-05,0.0,3.0517578125e-05,-1.0,-1.0,0,0,4.1973,0.4113,-0.0615,0.9466,1.58,22.29
2025-09-19T22:55:48.538,0.0,3.0517578125e-05,0.0,3.0517578125e-05,-1.0,-1.0,0,0,4.1973,0.4113,-0.0615,0.9466,1.58,22.29
2025-09-19T22:55:48.606,0.0,3.0517578125e-05,0.0,3.0517578125e-05,-1.0,-1.0,0,0,4.1973,0.4113,-0.0615,0.9466,1.58,22.29
2025-09-19T22:55:48.674,0.0,3.0517578125e-05,0.0,3.0517578125e-05,-1.0,-1.0,0,0,4.1973,0.4113,-0.0615,0.9466,1.58,22.29
2025-09-19T22:55:48.742,0.0,3.0517578125e-05,0.0,3.0517578125e-05,-1.0,-1.0,0,0,4.1973,0.4113,-0.0615,0.9466,1.58,22.29
2025-09-19T22:55:48.810,0.0,3.0517578125e-05,0.0,3.0517578125e-05,-1.0,-1.0,0,0,4.1973,0.4113,-0.0615,0.9466,1.58,22.29
2025-09-19T22:55:48.879,0.0,3.0517578125e-05,0.0,3.0517578125e-05,-1.0,-1.0,0,0,4.1973,0.4113,-0.0615,0.9466,1.58,22.29
2025-09-19T22:55:48.947,0.0,3.0517578125e-05,0.0,3.0517578125e-05,-1.0,-1.0,0,0,4.1973,0.4113,-0.0615,0.9466,1.58,22.29
2025-09-19T22:55:49.015,0.0,3.0517578125e-05,0.0,3.0517578125e-05,-1.0,-1.0,0,0,4.1973,0.4113,-0.0615,0.9466,1.58,22.29
2025-09-19T22:55:49.084,0.0,3.0517578125e-05,0.0,3.0517578125e-05,-1.0,-1.0,0,0,4.1973,0.4113,-0.0615,0.9466,1.58,22.29
2025-09-19T22:55:49.151,0.0,3.0517578125e-05,0.0,3.0517578125e-05,-1.0,-1.0,0,0,4.1973,0.4113,-0.0615,0.9466,1.58,22.29
2025-09-19T22:55:49.219,0.0,3.0517578125e-05,0.0,3.0517578125e-05,-1.0,-1.0,0,0,4.1973,0.4113,-0.0615,0.9466,1.58,22.29
2025-09-19T22:55:49.288,0.0,3.0517578125e-05,0.0,3.0517578125e-05,-1.0,-1.0,0,0,4.1973,0.4113,-0.0615,0.9466,1.58,22.29
2025-09-19T22:55:49.356,0.0,3.0517578125e-05,0.0,3.0517578125e-05,-1.0,-1.0,0,0,4.1973,0.4113,-0.0615,0.9466,1.58,22.29
2025-09-19T22:55:49.424,0.0,3.0517578125e-05,0.0,3.0517578125e-05,-1.0,-1.0,0,0,4.1973,0.4113,-0.0615,0.9466,1.58,22.29
2025-09-19T22:55:49.492,0.0,3.0517578125e-05,0.0,3.0517578125e-05,-1.0,-1.0,0,0,4.1973,0.4113,-0.0615,0.9466,1.58,22.29
2025-09-19T22:55:49.562,0.0,3.0517578125e-05,0.0,3.0517578125e-05,-1.0,-1.0,0,0,4.1973,0.4113,-0.0615,0.9466,1.58,22.29
2025-09-19T22:55:49.631,0.0,3.0517578125e-05,0.0,3.0517578125e-05,-1.0,-1.0,0,0,4.1973,0.4113,-0.0615,0.9466,1.58,22.29
2025-09-19T22:55:49.698,0.0,3.0517578125e-05,0.0,3.0517578125e-05,-1.0,-1.0,0,0,4.1973,0.4113,-0.0615,0.9466,1.58,22.29
2025-09-19T22:55:49.767,0.0,3.0517578125e-05,0.0,3.0517578125e-05,-1.0,-1.0,0,0,4.1973,0.4113,-0.0615,0.9466,1.58,22.29
2025-09-19T22:55:49.837,0.0,3.0517578125e-05,0.0,3.0517578125e-05,-1.0,-1.0,0,0,4.1973,0.4113,-0.0615,0.9466,1.58,22.29
2025-09-19T22:55:49.908,0.0,3.0517578125e-05,0.0,3.0517578125e-05,-1.0,-1.0,0,0,4.1973,0.4113,-0.0615,0.9466,1.58,22.29
2025-09-19T22:55:49.980,0.0,3.0517578125e-05,0.0,3.0517578125e-05,-1.0,-1.0,0,0,4.1973,0.4113,-0.0615,0.9466,1.58,22.29
2025-09-19T22:55:50.051,0.0,3.0517578125e-05,0.0,3.0517578125e-05,-1.0,-1.0,0,0,4.1973,0.4113,-0.0615,0.9466,1.58,22.29
2025-09-19T22:55:50.123,0.0,3.0517578125e-05,0.0,3.0517578125e-05,-1.0,-1.0,0,0,4.1973,0.4113,-0.0615,0.9466,1.58,22.29
2025-09-19T22:55:50.194,0.0,3.0517578125e-05,0.0,3.0517578125e-05,-1.0,-1.0,0,0,4.1973,0.4113,-0.0615,0.9466,1.58,22.29
2025-09-19T22:55:50.266,0.0,3.0517578125e-05,0.0,3.0517578125e-05,-1.0,-1.0,0,0,4.1973,0.4113,-0.0615,0.9466,1.58,22.29
2025-09-19T22:55:50.337,0.0,3.0517578125e-05,0.0,3.0517578125e-05,-1.0,-1.0,0,0,4.1973,0.4113,-0.0615,0.9466,1.58,22.29
