time_ms,roll_approx_deg,roll_err_deg,roll_cmd_dps,pitch_approx_deg,pitch_err_deg,pitch_cmd_dps,roll_mot_speed,roll_mot_angle,pitch_mot_speed,pitch_mot_angle
4858.0,3.329,4.064,-29.805,13.911,16.983,-14.153,0.0,0.0,0.0,0.0
4943.0,3.343,4.081,-28.294,13.925,17.0,-11.445,0.0,0.0,0.0,0.0
5037.0,3.413,4.167,-27.721,14.051,17.155,-9.628,0.0,0.0,0.0,0.0
5126.0,3.462,4.227,-27.307,14.163,17.293,-8.362,0.0,0.0,0.0,0.0
5219.0,3.455,4.219,-26.667,14.191,17.327,-7.429,0.0,0.0,0.0,0.0
5309.0,3.427,4.184,-26.031,14.156,17.283,-6.735,0.0,0.0,0.0,0.0
5403.0,3.406,4.158,-25.579,14.163,17.29,-6.273,0.0,0.0,0.0,0.0
5494.0,3.42,4.175,-25.502,14.205,17.34,-5.976,0.0,0.0,0.0,0.0
5587.0,3.476,4.244,-25.823,14.338,17.504,-5.835,0.0,0.0,0.0,0.0
5676.0,3.511,4.286,-25.998,14.401,17.579,-5.703,0.0,0.0,0.0,0.0
5769.0,3.49,4.26,-25.741,14.387,17.561,-5.564,0.0,0.0,0.0,0.0
5858.0,3.49,4.26,-25.686,14.38,17.552,-5.47,0.0,0.0,0.0,0.0
5951.0,3.518,4.294,-25.876,14.471,17.663,-5.471,0.0,0.0,0.0,0.0
6042.0,3.511,4.286,-25.786,14.471,17.664,-5.42,0.0,0.0,0.0,0.0
6136.0,3.266,3.987,-23.783,14.114,17.23,-5.142,0.0,0.0,0.0,0.0
6225.0,2.798,3.415,-20.003,13.303,16.236,-4.584,0.0,0.0,0.0,0.0
6318.0,1.385,1.688,-8.678,10.827,13.201,-2.976,0.0,0.0,0.0,0.0
6407.0,0.266,0.324,-0.006,8.799,10.72,-1.858,0.0,0.0,0.0,0.0
6490.0,-0.888,-1.082,8.861,6.519,7.937,-0.626,0.0,0.0,0.0,0.0
6570.0,0.364,0.443,-2.143,7.05,8.591,-1.545,0.0,0.0,0.0,0.0
6654.0,1.944,2.371,-15.244,9.141,11.149,-3.353,0.0,0.0,0.0,0.0
6744.0,2.868,3.498,-22.451,10.533,12.849,-4.314,0.0,0.0,0.0,0.0
6841.0,4.469,5.452,-34.947,13.254,16.17,-5.994,0.0,0.0,0.0,0.0
6932.0,5.595,6.83,-43.448,15.142,18.482,-6.955,0.0,0.0,0.0,0.0
7026.0,7.421,9.066,-57.555,18.248,22.294,-8.648,0.0,0.0,0.0,0.0
7116.0,8.379,10.247,-64.478,19.891,24.326,-9.212,0.0,0.0,0.0,0.0
7208.0,9.526,11.662,-72.992,21.85,26.749,-9.997,0.0,0.0,0.0,0.0
7298.0,9.764,11.951,-74.016,22.227,27.208,-9.665,0.0,0.0,0.0,0.0
7391.0,9.603,11.74,-71.92,21.773,26.619,-8.885,0.0,0.0,0.0,0.0
7481.0,9.386,11.469,-69.668,21.332,26.066,-8.302,0.0,0.0,0.0,0.0
7574.0,9.386,11.473,-69.441,21.423,26.187,-8.225,0.0,0.0,0.0,0.0
7664.0,9.54,11.668,-70.559,21.703,26.544,-8.317,0.0,0.0,0.0,0.0
7757.0,9.54,11.668,-70.393,21.696,26.535,-8.206,0.0,0.0,0.0,0.0
7847.0,9.442,11.545,-69.461,21.472,26.255,-7.974,0.0,0.0,0.0,0.0
7940.0,9.421,11.522,-69.248,21.507,26.303,-7.971,0.0,0.0,0.0,0.0
8030.0,9.393,11.487,-68.983,21.444,26.225,-7.903,0.0,0.0,0.0,0.0
8122.0,9.225,11.281,-67.592,21.178,25.897,-7.708,0.0,0.0,0.0,0.0
8213.0,9.176,11.221,-67.219,21.087,25.786,-7.664,0.0,0.0,0.0,0.0
8307.0,9.26,11.325,-67.944,21.234,25.969,-7.787,0.0,0.0,0.0,0.0
8396.0,9.302,11.377,-68.293,21.297,26.048,-7.833,0.0,0.0,0.0,0.0
8489.0,9.26,11.326,-67.941,21.213,25.944,-7.77,0.0,0.0,0.0,0.0
8578.0,9.225,11.282,-67.657,21.15,25.867,-7.73,0.0,0.0,0.0,0.0
8671.0,9.134,11.172,-66.938,21.024,25.715,-7.654,0.0,0.0,0.0,0.0
8761.0,8.876,10.859,-64.88,20.689,25.313,-7.444,0.0,0.0,0.0,0.0
8857.0,7.617,9.313,-54.715,18.541,22.67,-6.036,0.0,0.0,0.0,0.0
8947.0,6.477,7.91,-45.711,16.548,20.21,-4.871,0.0,0.0,0.0,0.0
9040.0,4.7,5.729,-31.743,13.317,16.232,-3.009,0.0,0.0,0.0,0.0
9131.0,3.938,4.796,-26.319,12.002,14.618,-2.657,0.0,0.0,0.0,0.0
9224.0,3.259,3.966,-21.544,10.869,13.227,-2.399,0.0,0.0,0.0,0.0
9315.0,2.979,3.623,-19.936,10.344,12.58,-2.505,0.0,0.0,0.0,0.0
9408.0,2.798,3.399,-18.986,9.89,12.016,-2.571,0.0,0.0,0.0,0.0
9498.0,3.343,4.06,-23.815,10.75,13.055,-3.47,0.0,0.0,0.0,0.0
9590.0,5.316,6.465,-39.974,14.24,17.318,-5.995,0.0,0.0,0.0,0.0
9681.0,6.833,8.325,-52.008,16.898,20.587,-7.598,0.0,0.0,0.0,0.0
9774.0,8.47,10.367,-64.958,20.108,24.611,-9.417,0.0,0.0,0.0,0.0
9864.0,7.959,9.737,-59.931,19.262,23.564,-8.213,0.0,0.0,0.0,0.0
9957.0,5.309,6.444,-37.594,14.058,17.064,-4.243,0.0,0.0,0.0,0.0
10047.0,3.028,3.654,-19.315,9.967,12.024,-1.65,0.0,0.0,0.0,0.0
10140.0,1.07,1.287,-4.369,5.896,7.09,0.516,0.0,0.0,0.0,0.0
10229.0,1.546,1.861,-9.206,6.463,7.78,-0.67,0.0,0.0,0.0,0.0
10322.0,1.245,1.498,-7.384,6.232,7.5,-1.012,0.0,0.0,0.0,0.0
10412.0,1.021,1.229,-6.069,6.393,7.692,-1.493,0.0,0.0,0.0,0.0
10506.0,0.972,1.171,-6.073,6.344,7.638,-1.707,0.0,0.0,0.0,0.0
10597.0,0.937,1.129,-6.079,6.344,7.638,-1.883,0.0,0.0,0.0,0.0
10689.0,0.951,1.145,-6.398,6.344,7.638,-2.005,0.0,0.0,0.0,0.0
10779.0,0.937,1.128,-6.428,6.323,7.613,-2.077,0.0,0.0,0.0,0.0
10877.0,0.93,1.12,-6.475,6.309,7.596,-2.13,0.0,0.0,0.0,0.0
10967.0,0.923,1.112,-6.492,6.302,7.588,-2.17,0.0,0.0,0.0,0.0
11060.0,0.916,1.103,-6.49,6.295,7.579,-2.197,0.0,0.0,0.0,0.0
11149.0,0.909,1.095,-6.473,6.253,7.529,-2.192,0.0,0.0,0.0,0.0
11242.0,0.902,1.087,-6.448,6.232,7.506,-2.199,0.0,0.0,0.0,0.0
11332.0,0.895,1.079,-6.415,6.218,7.491,-2.206,0.0,0.0,0.0,0.0
11425.0,0.888,1.07,-6.377,6.197,7.467,-2.205,0.0,643.0,0.0,1465.0
11440.0,0.895,1.079,-6.476,6.162,7.425,-2.136,0.0,643.0,-5.0,1465.0
11450.0,1.665,2.006,-17.598,5.686,6.852,-0.614,-5.0,643.0,0.0,1465.0
11460.0,2.014,2.427,-20.983,5.469,6.59,-0.34,0.0,0.0,0.0,1465.0
11501.0,2.364,2.848,-22.2,5.246,6.32,-0.592,-5.0,642.0,0.0,0.0
11547.0,3.112,3.75,-27.252,4.574,5.511,-0.318,-21.0,642.0,0.0,1465.0
11560.0,3.427,4.129,-29.85,3.945,4.752,0.909,-10.0,642.0,0.0,1465.0
11570.0,3.588,4.323,-30.653,3.721,4.483,0.937,-5.0,642.0,0.0,1465.0
11580.0,3.749,4.516,-31.563,3.49,4.205,1.003,-10.0,641.0,0.0,1465.0
11590.0,3.91,4.71,-32.548,3.266,3.935,1.052,-21.0,641.0,0.0,1465.0
11600.0,4.029,4.853,-32.982,3.049,3.674,1.087,-27.0,641.0,0.0,1465.0
11610.0,4.127,4.972,-33.241,2.84,3.421,1.113,-27.0,641.0,0.0,1465.0
11619.0,4.196,5.056,-33.283,2.609,3.143,1.296,-32.0,641.0,0.0,1465.0
11628.0,4.224,5.089,-32.825,2.364,2.848,1.499,-32.0,640.0,0.0,1465.0
11638.0,4.224,5.09,-32.142,2.098,2.528,1.657,-32.0,640.0,0.0,1465.0
11648.0,4.175,5.031,-30.954,1.818,2.191,1.843,-32.0,640.0,0.0,1465.0
11658.0,4.071,4.904,-29.205,1.511,1.82,2.094,-27.0,639.0,0.0,1465.0
11667.0,3.924,4.727,-27.028,1.259,1.517,2.202,-21.0,639.0,0.0,1465.0
11677.0,3.735,4.5,-24.699,1.0,1.205,2.247,-16.0,639.0,5.0,1465.0
11687.0,3.546,4.272,-22.66,0.797,0.961,2.124,0.0,0.0,0.0,0.0
11760.0,3.336,4.02,-21.828,0.664,0.801,1.501,-16.0,638.0,0.0,1465.0
11806.0,1.091,1.315,-2.757,0.979,1.18,0.667,-5.0,637.0,0.0,1465.0
11820.0,-0.965,-1.163,21.188,1.357,1.635,-0.556,-10.0,637.0,0.0,1465.0
11830.0,-1.364,-1.643,22.69,1.434,1.728,-0.787,0.0,637.0,0.0,1465.0
11840.0,-1.742,-2.098,24.302,1.518,1.829,-0.979,0.0,637.0,0.0,1465.0
11850.0,-2.119,-2.553,26.248,1.616,1.947,-1.168,0.0,637.0,0.0,1465.0
11860.0,-2.483,-2.992,28.229,1.77,2.132,-1.494,10.0,637.0,0.0,1465.0
11869.0,-2.868,-3.455,31.017,2.007,2.419,-2.088,10.0,637.0,0.0,1465.0
11879.0,-3.245,-3.91,33.394,2.308,2.781,-2.658,16.0,638.0,0.0,1465.0
11889.0,-3.616,-4.357,35.777,2.637,3.177,-3.181,16.0,638.0,0.0,1465.0
11899.0,-3.952,-4.762,37.745,2.966,3.574,-3.582,10.0,638.0,0.0,1465.0
11908.0,-4.266,-5.142,39.801,3.287,3.962,-3.98,16.0,638.0,0.0,1465.0
11918.0,-4.574,-5.513,41.57,3.623,4.366,-4.236,21.0,638.0,-5.0,1465.0
11928.0,-4.861,-5.859,43.175,3.945,4.755,-4.406,10.0,638.0,0.0,1465.0
11938.0,-5.148,-6.205,44.924,4.28,5.16,-4.606,16.0,638.0,0.0,1465.0
11947.0,-5.357,-6.459,45.827,4.553,5.489,-4.665,21.0,639.0,-5.0,1465.0
11957.0,-5.553,-6.695,46.544,4.854,5.852,-4.74,27.0,639.0,0.0,1465.0
11967.0,-5.721,-6.898,47.067,5.155,6.215,-4.825,27.0,639.0,0.0,1465.0
11977.0,-5.903,-7.118,48.004,5.497,6.629,-5.054,38.0,639.0,0.0,1465.0
11986.0,-6.078,-7.33,49.099,5.882,7.094,-5.514,43.0,640.0,0.0,1465.0
11995.0,-6.267,-7.559,50.463,6.344,7.652,-6.153,38.0,640.0,-5.0,1465.0
12004.0,-6.428,-7.755,51.407,6.826,8.235,-6.727,32.0,640.0,0.0,1465.0
12013.0,-6.567,-7.925,52.102,7.316,8.828,-7.208,32.0,641.0,-10.0,1465.0
12022.0,-6.679,-8.061,52.465,7.791,9.404,-7.548,38.0,641.0,0.0,1464.0
12031.0,-6.749,-8.147,52.325,8.239,9.946,-7.738,38.0,641.0,-5.0,1464.0
12040.0,-6.749,-8.149,51.309,8.624,10.412,-7.694,32.0,642.0,0.0,1464.0
12049.0,-6.658,-8.04,49.21,8.98,10.844,-7.606,32.0,642.0,-5.0,1464.0
12059.0,-6.477,-7.822,46.302,9.33,11.269,-7.446,43.0,643.0,-16.0,1464.0
12069.0,-6.274,-7.579,43.568,9.666,11.676,-7.327,49.0,643.0,-10.0,1464.0
12078.0,-6.078,-7.343,41.16,10.002,12.084,-7.389,49.0,643.0,-5.0,1464.0
12087.0,-5.875,-7.099,38.94,10.337,12.492,-7.469,38.0,644.0,-16.0,1464.0
12096.0,-5.672,-6.855,36.946,10.694,12.925,-7.638,32.0,644.0,-21.0,1464.0
12107.0,-5.455,-6.594,35.213,11.051,13.358,-7.585,32.0,644.0,-16.0,1464.0
12117.0,-5.26,-6.359,33.692,11.393,13.775,-7.637,16.0,645.0,-10.0,1463.0
12126.0,-5.092,-6.157,32.472,11.687,14.132,-7.646,27.0,645.0,-10.0,1463.0
12135.0,-4.973,-6.014,32.002,11.918,14.413,-7.458,16.0,645.0,-5.0,1463.0
12146.0,-4.91,-5.939,32.364,12.107,14.643,-7.089,16.0,645.0,-5.0,1463.0
12155.0,-4.924,-5.956,33.568,12.303,14.882,-6.989,10.0,645.0,-10.0,1463.0
12164.0,-4.994,-6.042,35.299,12.498,15.121,-6.939,10.0,645.0,0.0,1463.0
12185.0,-5.064,-6.127,36.341,12.687,15.351,-6.551,0.0,0.0,0.0,0.0
12189.0,-5.092,-6.161,37.192,12.862,15.565,-7.311,0.0,0.0,0.0,0.0
12193.0,-5.078,-6.145,36.787,13.002,15.736,-7.598,16.0,646.0,0.0,1463.0
12209.0,-5.036,-6.095,36.323,13.114,15.873,-6.982,10.0,646.0,0.0,1463.0
12225.0,-4.994,-6.044,35.903,13.191,15.966,-6.483,0.0,0.0,0.0,0.0
12230.0,-4.938,-5.977,34.801,13.303,16.103,-6.673,10.0,646.0,-5.0,1463.0
12235.0,-4.84,-5.859,32.998,13.429,16.257,-6.906,16.0,646.0,0.0,1463.0
12251.0,-4.714,-5.707,32.164,13.548,16.402,-6.559,16.0,646.0,0.0,1463.0
12255.0,-4.609,-5.58,30.12,13.653,16.529,-6.868,10.0,646.0,-10.0,1463.0
12272.0,-4.504,-5.454,29.924,13.771,16.675,-6.544,0.0,0.0,-16.0,1463.0
12277.0,-4.343,-5.26,27.268,13.904,16.838,-6.912,5.0,647.0,0.0,1463.0
12293.0,-4.127,-4.998,25.999,14.016,16.975,-6.6,21.0,647.0,0.0,1463.0
12298.0,-3.868,-4.684,21.556,14.065,17.034,-6.452,21.0,647.0,0.0,1463.0
12312.0,-3.49,-4.227,18.817,14.079,17.052,-6.085,0.0,0.0,0.0,0.0
12361.0,-3.063,-3.71,17.048,14.051,17.018,-5.768,0.0,0.0,0.0,0.0
12451.0,-0.713,-0.864,-0.364,13.604,16.472,-5.259,0.0,0.0,0.0,0.0
12546.0,-0.035,-0.042,-4.429,13.457,16.295,-5.066,0.0,0.0,0.0,1463.0
12556.0,-0.035,-0.042,-3.1,13.45,16.288,-4.995,0.0,649.0,0.0,1463.0
12561.0,-0.014,-0.017,-2.17,13.436,16.273,-4.885,0.0,649.0,0.0,1462.0
12581.0,0.0,0.0,-1.519,13.429,16.264,-4.871,0.0,0.0,0.0,0.0
12655.0,0.035,0.042,-1.063,13.401,16.23,-4.852,0.0,0.0,0.0,1462.0
12704.0,0.042,0.051,-0.744,13.373,16.199,-4.833,0.0,649.0,0.0,1462.0
12718.0,0.042,0.051,-0.521,13.345,16.167,-4.777,0.0,649.0,0.0,0.0
12759.0,0.07,0.085,-0.365,13.317,16.134,-4.769,0.0,649.0,-10.0,1462.0
12773.0,0.497,0.602,-6.442,13.009,15.758,-4.033,0.0,649.0,-5.0,1462.0
12783.0,0.811,0.983,-10.166,12.813,15.519,-3.598,0.0,649.0,-10.0,1461.0
12792.0,1.0,1.211,-11.781,12.708,15.391,-3.535,0.0,649.0,0.0,1461.0
12801.0,1.189,1.44,-13.323,12.603,15.263,-3.48,0.0,649.0,-16.0,1461.0
12811.0,1.385,1.677,-14.762,12.484,15.118,-3.418,0.0,649.0,-10.0,1461.0
12821.0,1.602,1.939,-16.501,12.352,14.956,-3.315,0.0,649.0,-16.0,1461.0
12830.0,1.839,2.227,-18.686,12.191,14.76,-3.085,-10.0,648.0,-16.0,1461.0
12840.0,2.098,2.54,-20.846,12.002,14.53,-2.867,0.0,648.0,0.0,0.0
12886.0,2.392,2.895,-21.759,11.806,14.291,-3.118,0.0,648.0,0.0,1461.0
12900.0,3.805,4.603,-38.008,10.834,13.107,-1.084,-5.0,648.0,0.0,1461.0
12911.0,4.182,5.059,-40.116,10.554,12.766,-1.094,-21.0,648.0,0.0,1461.0
12921.0,4.56,5.515,-42.661,10.267,12.418,-0.973,-21.0,648.0,0.0,1461.0
12930.0,4.952,5.988,-45.778,9.96,12.044,-0.689,-21.0,648.0,0.0,1461.0
12939.0,5.33,6.444,-48.6,9.645,11.662,-0.434,-21.0,648.0,0.0,1461.0
12949.0,5.672,6.858,-50.583,9.316,11.263,-0.277,-32.0,647.0,0.0,1461.0
12959.0,5.994,7.246,-52.411,8.952,10.822,-0.017,-38.0,647.0,0.0,1461.0
12969.0,6.295,7.609,-54.083,8.533,10.314,0.387,-49.0,646.0,0.0,1461.0
12978.0,6.553,7.921,-55.505,8.05,9.73,1.076,-54.0,646.0,0.0,1461.0
12988.0,6.756,8.165,-56.042,7.498,9.061,1.683,-60.0,645.0,0.0,1461.0
12998.0,6.917,8.358,-56.246,6.854,8.282,2.465,-65.0,645.0,0.0,1461.0
13008.0,7.022,8.484,-55.927,6.19,7.479,3.15,-60.0,644.0,0.0,1461.0
13017.0,7.078,8.551,-55.265,5.504,6.65,3.991,-65.0,644.0,0.0,1461.0
13027.0,7.078,8.55,-54.069,4.763,5.754,4.615,-65.0,643.0,0.0,1461.0
13037.0,7.05,8.516,-52.825,4.015,4.849,5.154,-54.0,642.0,0.0,1461.0
13047.0,6.994,8.448,-51.492,3.287,3.97,5.544,-54.0,642.0,10.0,1461.0
13056.0,6.875,8.304,-49.431,2.637,3.185,5.854,-49.0,641.0,0.0,1461.0
13065.0,6.7,8.093,-46.877,2.063,2.492,5.866,-54.0,641.0,0.0,1461.0
13074.0,6.484,7.832,-44.067,1.532,1.85,5.787,-49.0,640.0,5.0,1461.0
13083.0,6.253,7.553,-41.418,1.077,1.301,5.513,-38.0,640.0,0.0,1461.0
13092.0,6.001,7.25,-38.743,0.657,0.794,5.246,-38.0,640.0,0.0,1461.0
13101.0,5.763,6.963,-36.537,0.266,0.321,5.004,-38.0,639.0,0.0,1461.0
13110.0,5.546,6.701,-34.796,-0.084,-0.101,4.727,-32.0,639.0,0.0,1461.0
13119.0,5.323,6.431,-32.998,-0.399,-0.482,4.447,-16.0,639.0,0.0,1461.0
13130.0,5.099,6.161,-31.585,-0.622,-0.752,3.827,-21.0,639.0,0.0,1461.0
13140.0,4.854,5.866,-29.656,-0.776,-0.938,3.249,-16.0,638.0,0.0,1461.0
13149.0,4.602,5.562,-27.469,-0.874,-1.057,2.71,-10.0,638.0,0.0,0.0
13191.0,4.336,5.241,-26.857,-0.951,-1.15,2.073,0.0,0.0,0.0,0.0
13269.0,3.63,4.388,-22.46,-1.133,-1.37,1.688,0.0,0.0,0.0,0.0
13351.0,1.595,1.928,-7.06,-1.154,-1.395,1.32,-21.0,634.0,0.0,1461.0
13378.0,-0.783,-0.947,15.23,-1.616,-1.954,1.714,-16.0,633.0,5.0,1461.0
13390.0,-3.252,-3.932,45.199,-1.763,-2.131,1.783,-10.0,633.0,0.0,1461.0
13399.0,-3.791,-4.583,46.96,-1.763,-2.131,1.439,-5.0,633.0,0.0,1461.0
13409.0,-4.357,-5.267,49.337,-1.714,-2.071,1.039,0.0,633.0,0.0,1461.0
13419.0,-4.903,-5.927,51.929,-1.616,-1.953,0.594,10.0,633.0,5.0,1461.0
13429.0,-5.392,-6.518,54.119,-1.448,-1.75,0.044,21.0,633.0,0.0,1461.0
13438.0,-5.854,-7.076,56.68,-1.189,-1.437,-0.74,21.0,633.0,0.0,1461.0
13448.0,-6.295,-7.609,58.802,-0.832,-1.006,-1.553,21.0,634.0,0.0,1461.0
13458.0,-6.735,-8.142,61.253,-0.385,-0.465,-2.457,32.0,634.0,0.0,1461.0
13468.0,-7.113,-8.598,63.013,0.063,0.076,-2.934,21.0,634.0,0.0,1461.0
13477.0,-7.442,-8.996,64.622,0.525,0.634,-3.935,38.0,635.0,-5.0,1461.0
13487.0,-7.728,-9.343,65.591,0.979,1.184,-4.295,38.0,635.0,0.0,1461.0
13497.0,-7.966,-9.631,66.187,1.448,1.75,-4.643,54.0,635.0,0.0,1461.0
13507.0,-8.099,-9.792,65.603,1.895,2.292,-4.869,43.0,636.0,0.0,1461.0
13516.0,-8.064,-9.751,63.023,2.322,2.808,-5.146,54.0,636.0,0.0,1461.0
13525.0,-7.854,-9.498,58.466,2.714,3.282,-5.261,60.0,637.0,-5.0,1461.0
13534.0,-7.596,-9.186,54.071,3.126,3.781,-5.459,65.0,637.0,-5.0,1461.0
13543.0,-7.337,-8.874,50.433,3.574,4.323,-5.769,65.0,638.0,-10.0,1461.0
13552.0,-7.057,-8.537,47.004,4.057,4.907,-6.161,65.0,638.0,0.0,1461.0
13561.0,-6.749,-8.166,43.573,4.581,5.543,-6.64,71.0,639.0,0.0,1461.0
13571.0,-6.449,-7.804,40.851,5.12,6.196,-6.909,60.0,640.0,0.0,1461.0
13581.0,-6.12,-7.407,37.888,5.686,6.883,-7.249,54.0,640.0,-10.0,1461.0
13591.0,-5.812,-7.036,35.403,6.232,7.544,-7.481,54.0,641.0,0.0,1461.0
13599.0,-5.518,-6.682,32.668,6.735,8.156,-7.934,43.0,641.0,0.0,1461.0
13610.0,-5.26,-6.37,31.32,7.162,8.674,-7.574,32.0,641.0,0.0,1461.0
13620.0,-5.043,-6.109,30.251,7.505,9.091,-7.207,32.0,642.0,-5.0,1461.0
13630.0,-4.847,-5.872,29.332,7.791,9.439,-6.804,27.0,642.0,0.0,1461.0
13640.0,-4.651,-5.635,28.262,8.015,9.711,-6.347,21.0,642.0,0.0,1461.0
13649.0,-4.455,-5.398,26.925,8.183,9.915,-5.922,0.0,0.0,0.0,0.0
13723.0,-4.273,-5.178,27.066,8.309,10.068,-5.133,0.0,0.0,-10.0,1460.0
13800.0,-2.266,-2.747,11.783,8.589,10.41,-4.709,10.0,645.0,0.0,1460.0
13817.0,-0.056,-0.068,-12.982,9.036,10.956,-5.167,5.0,645.0,-10.0,1460.0
13828.0,0.553,0.67,-16.76,8.862,10.743,-4.074,0.0,645.0,0.0,1460.0
13837.0,0.916,1.111,-18.521,8.722,10.572,-3.313,-10.0,645.0,-5.0,1460.0
13847.0,1.266,1.534,-20.049,8.561,10.376,-2.742,0.0,645.0,-5.0,1460.0
13856.0,1.623,1.967,-22.271,8.365,10.138,-2.146,-5.0,645.0,0.0,1460.0
13864.0,1.958,2.373,-24.618,8.134,9.857,-1.488,-10.0,645.0,0.0,1460.0
13873.0,2.252,2.729,-26.009,7.889,9.559,-1.045,-10.0,645.0,-5.0,1460.0
13883.0,2.518,3.051,-26.979,7.652,9.27,-0.812,-21.0,645.0,-5.0,1460.0
13892.0,2.749,3.33,-27.914,7.414,8.981,-0.545,-16.0,645.0,0.0,1460.0
13902.0,2.959,3.584,-28.58,7.19,8.709,-0.456,-16.0,645.0,0.0,1459.0
13912.0,3.147,3.812,-29.198,6.973,8.446,-0.392,-10.0,644.0,0.0,1459.0
13921.0,3.35,4.058,-30.41,6.742,8.166,-0.204,-5.0,644.0,0.0,1459.0
13930.0,3.553,4.303,-31.699,6.519,7.895,-0.072,-5.0,644.0,-10.0,1459.0
13940.0,3.784,4.582,-33.285,6.253,7.572,0.11,-10.0,644.0,-16.0,1459.0
13950.0,4.043,4.895,-35.303,5.98,7.241,0.289,-16.0,644.0,0.0,1459.0
13960.0,4.322,5.234,-37.586,5.672,6.868,0.558,-16.0,644.0,0.0,1459.0
13969.0,4.616,5.589,-40.23,5.357,6.487,0.904,-5.0,644.0,0.0,1459.0
13979.0,4.917,5.953,-42.585,5.022,6.08,1.148,-16.0,644.0,0.0,1459.0
13989.0,5.232,6.333,-45.093,4.658,5.639,1.446,-16.0,643.0,-10.0,1459.0
13999.0,5.532,6.697,-47.329,4.315,5.224,1.626,-21.0,643.0,0.0,1459.0
14008.0,5.833,7.061,-49.792,3.952,4.783,1.975,-21.0,643.0,0.0,1459.0
14018.0,6.12,7.408,-51.727,3.553,4.301,2.255,-27.0,643.0,0.0,1459.0
14028.0,6.407,7.755,-53.705,3.105,3.759,2.655,-38.0,642.0,0.0,1459.0
14038.0,6.658,8.059,-55.209,2.602,3.149,3.166,-54.0,642.0,0.0,1459.0
14047.0,6.903,8.355,-56.903,1.979,2.396,4.168,-49.0,641.0,0.0,1459.0
14056.0,7.12,8.618,-58.199,1.336,1.617,5.012,-49.0,641.0,0.0,1459.0
14064.0,7.323,8.864,-59.569,0.636,0.77,6.157,-54.0,640.0,0.0,1459.0
14086.0,7.505,9.084,-59.578,-0.063,-0.076,5.312,0.0,0.0,0.0,0.0
14090.0,7.638,9.246,-61.45,-0.776,-0.94,9.639,0.0,0.0,0.0,0.0
14095.0,7.749,9.382,-62.11,-1.483,-1.795,11.194,-49.0,639.0,0.0,1459.0
14110.0,7.868,9.527,-61.814,-2.168,-2.625,9.575,-49.0,639.0,0.0,0.0
14114.0,7.966,9.647,-62.936,-2.7,-3.269,10.996,0.0,0.0,0.0,1459.0
14129.0,8.036,9.733,-62.277,-3.105,-3.761,8.926,-27.0,638.0,5.0,1459.0
14145.0,8.05,9.751,-61.29,-3.413,-4.134,7.258,-32.0,638.0,0.0,0.0
14150.0,8.029,9.727,-60.016,-3.742,-4.533,7.486,0.0,0.0,0.0,1459.0
14154.0,7.987,9.677,-58.468,-4.043,-4.898,7.946,-21.0,637.0,0.0,1459.0
14171.0,7.959,9.643,-58.03,-4.336,-5.254,6.613,-21.0,637.0,0.0,1459.0
14175.0,7.945,9.627,-57.639,-4.532,-5.492,6.599,-21.0,637.0,0.0,0.0
14192.0,7.896,9.569,-57.121,-4.749,-5.755,5.565,-27.0,637.0,5.0,1459.0
14196.0,7.833,9.494,-55.628,-5.036,-6.103,6.606,-21.0,637.0,5.0,1459.0
14213.0,7.791,9.444,-55.555,-5.378,-6.519,5.886,0.0,0.0,0.0,1459.0
14218.0,7.763,9.411,-55.3,-5.728,-6.944,6.874,-32.0,636.0,0.0,1459.0
14234.0,7.742,9.387,-55.412,-6.029,-7.309,6.094,-27.0,636.0,0.0,1459.0
14239.0,7.701,9.337,-54.783,-6.267,-7.598,6.397,0.0,0.0,0.0,1460.0
14254.0,7.645,9.269,-54.481,-6.449,-7.819,5.582,-16.0,635.0,0.0,1460.0
14259.0,7.589,9.202,-53.609,-6.574,-7.972,5.392,0.0,0.0,5.0,1460.0
14274.0,7.561,9.169,-53.758,-6.686,-8.109,4.751,0.0,635.0,0.0,1460.0
14279.0,7.568,9.178,-54.301,-6.77,-8.211,4.578,0.0,0.0,0.0,0.0
14294.0,7.554,9.161,-54.364,-6.826,-8.279,4.073,0.0,0.0,10.0,1460.0
14299.0,7.512,9.111,-53.634,-6.847,-8.305,3.727,0.0,635.0,0.0,1460.0
14304.0,7.477,9.069,-53.197,-6.889,-8.357,3.62,-21.0,635.0,0.0,1460.0
14319.0,7.4,8.977,-52.637,-7.022,-8.519,3.594,-16.0,635.0,0.0,0.0
14324.0,7.281,8.833,-50.424,-7.239,-8.783,4.629,0.0,0.0,0.0,1460.0
14340.0,7.099,8.614,-49.055,-7.568,-9.182,4.75,-43.0,634.0,0.0,1460.0
14345.0,6.882,8.352,-45.128,-7.938,-9.633,6.452,-43.0,633.0,10.0,1460.0
14359.0,6.651,8.073,-43.755,-8.351,-10.136,6.395,0.0,0.0,0.0,0.0
14375.0,6.386,7.752,-42.027,-8.778,-10.655,6.324,-54.0,633.0,0.0,1460.0
14380.0,6.12,7.43,-37.59,-9.218,-11.192,8.124,0.0,0.0,0.0,0.0
14395.0,5.847,7.101,-36.389,-9.673,-11.746,7.747,-49.0,631.0,0.0,0.0
14400.0,5.553,6.745,-31.855,-10.162,-12.343,9.524,0.0,0.0,0.0,1460.0
14404.0,5.288,6.424,-27.689,-10.554,-12.822,10.792,-32.0,630.0,0.0,0.0
14419.0,5.029,6.11,-27.811,-10.876,-13.215,9.455,0.0,0.0,10.0,1460.0
14435.0,4.805,5.839,-27.821,-11.058,-13.437,8.208,-21.0,630.0,0.0,0.0
14440.0,4.567,5.551,-24.794,-11.198,-13.609,7.83,0.0,0.0,0.0,1460.0
14444.0,4.35,5.287,-21.822,-11.295,-13.729,7.462,-21.0,629.0,0.0,1460.0
14460.0,4.12,5.007,-22.06,-11.358,-13.806,6.598,0.0,0.0,0.0,0.0
14464.0,3.931,4.778,-19.638,-11.372,-13.823,5.971,-10.0,629.0,5.0,1460.0
14486.0,3.784,4.599,-20.79,-11.386,-13.841,5.448,0.0,629.0,16.0,1460.0
14494.0,3.7,4.498,-21.458,-11.428,-13.892,5.23,-10.0,629.0,5.0,1460.0
14503.0,3.658,4.447,-22.474,-11.491,-13.97,5.142,0.0,629.0,5.0,1461.0
14512.0,3.623,4.405,-23.2,-11.547,-14.039,5.059,0.0,0.0,0.0,0.0
14586.0,3.581,4.354,-23.821,-11.582,-14.081,4.832,0.0,0.0,0.0,1461.0
14635.0,2.063,2.508,-11.179,-11.743,-14.276,4.803,-10.0,626.0,10.0,1461.0
14649.0,0.168,0.204,11.361,-11.827,-14.373,4.842,-16.0,626.0,5.0,1461.0
14659.0,-0.252,-0.306,13.705,-11.792,-14.329,4.564,0.0,626.0,5.0,1461.0
14669.0,-0.657,-0.799,16.058,-11.722,-14.242,4.25,0.0,626.0,10.0,1461.0
14679.0,-1.042,-1.266,18.284,-11.624,-14.121,3.929,16.0,626.0,0.0,0.0
14721.0,-1.427,-1.733,18.546,-11.477,-13.94,3.864,10.0,627.0,5.0,1462.0
14734.0,-2.993,-3.632,36.263,-10.246,-12.433,0.725,5.0,627.0,5.0,1462.0
14745.0,-3.805,-4.615,43.179,-9.61,-11.656,-0.301,16.0,627.0,0.0,1462.0
14753.0,-4.231,-5.132,45.507,-9.309,-11.289,-0.371,5.0,627.0,0.0,1462.0
14763.0,-4.672,-5.665,47.495,-9.022,-10.94,-0.187,5.0,627.0,0.0,1462.0
14772.0,-5.092,-6.173,49.874,-8.75,-10.607,-0.133,5.0,627.0,0.0,1462.0
14781.0,-5.462,-6.621,51.7,-8.47,-10.266,-0.151,10.0,627.0,0.0,1462.0
14791.0,-5.819,-7.052,53.28,-8.155,-9.883,-0.216,27.0,627.0,0.0,1462.0
14801.0,-6.141,-7.441,54.654,-7.791,-9.441,-0.456,27.0,628.0,0.0,1462.0
14811.0,-6.435,-7.795,55.905,-7.386,-8.948,-0.801,32.0,628.0,0.0,1462.0
14832.0,-6.693,-8.107,55.93,-6.952,-8.421,-0.516,0.0,0.0,0.0,0.0
14836.0,-6.938,-8.403,59.943,-6.456,-7.818,-3.4,0.0,0.0,0.0,0.0
14841.0,-7.12,-8.622,61.036,-5.924,-7.174,-4.963,38.0,629.0,0.0,1462.0
14845.0,-7.211,-8.732,60.553,-5.427,-6.572,-6.618,32.0,629.0,0.0,1462.0
14860.0,-7.197,-8.715,57.933,-4.945,-5.988,-5.152,38.0,629.0,0.0,1462.0
14864.0,-7.085,-8.579,53.389,-4.616,-5.59,-5.576,49.0,629.0,0.0,1462.0
14880.0,-6.903,-8.359,50.668,-4.308,-5.217,-4.071,43.0,630.0,0.0,1462.0
14889.0,-6.735,-8.156,47.939,-4.015,-4.861,-3.435,0.0,0.0,0.0,0.0
14904.0,-6.546,-7.927,45.951,-3.672,-4.446,-2.756,38.0,631.0,-5.0,1462.0
14909.0,-6.33,-7.665,41.712,-3.287,-3.981,-3.904,38.0,631.0,0.0,1462.0
14925.0,-6.141,-7.436,40.767,-2.952,-3.574,-3.106,38.0,632.0,0.0,1462.0
14929.0,-5.966,-7.225,37.48,-2.623,-3.176,-4.36,32.0,632.0,0.0,0.0
14944.0,-5.84,-7.072,37.718,-2.378,-2.88,-3.329,16.0,632.0,0.0,1462.0
14949.0,-5.763,-6.979,37.459,-2.196,-2.66,-3.194,10.0,632.0,0.0,1462.0
14964.0,-5.749,-6.962,38.613,-2.042,-2.473,-2.351,0.0,0.0,0.0,1462.0
14969.0,-5.763,-6.979,39.859,-1.874,-2.27,-2.46,16.0,632.0,0.0,1462.0
14984.0,-5.791,-7.013,40.802,-1.693,-2.05,-1.936,16.0,633.0,0.0,1462.0
14990.0,-5.798,-7.021,41.32,-1.539,-1.863,-1.972,0.0,0.0,0.0,1462.0
15005.0,-5.791,-7.013,41.479,-1.399,-1.694,-1.535,10.0,633.0,0.0,1462.0
15010.0,-5.784,-7.004,41.506,-1.252,-1.516,-1.829,10.0,633.0,0.0,0.0
15014.0,-5.777,-6.996,41.484,-1.098,-1.33,-2.318,0.0,0.0,0.0,1462.0
15030.0,-5.777,-6.996,41.632,-0.923,-1.118,-1.884,21.0,633.0,0.0,1462.0
15046.0,-5.763,-6.979,41.572,-0.776,-0.94,-1.538,21.0,633.0,0.0,1462.0
15051.0,-5.728,-6.937,40.897,-0.629,-0.762,-1.899,10.0,634.0,0.0,1462.0
15055.0,-5.672,-6.869,39.691,-0.483,-0.584,-2.381,16.0,634.0,0.0,1462.0
15071.0,-5.616,-6.802,39.491,-0.35,-0.424,-1.904,10.0,634.0,0.0,1462.0
15076.0,-5.56,-6.734,38.67,-0.224,-0.271,-2.072,0.0,0.0,0.0,1462.0
15092.0,-5.525,-6.691,38.775,-0.063,-0.076,-1.914,16.0,634.0,0.0,1462.0
15098.0,-5.497,-6.658,38.648,0.147,0.178,-2.105,21.0,634.0,0.0,0.0
15113.0,-5.469,-6.624,38.7,0.371,0.449,-2.004,0.0,0.0,0.0,1462.0
15119.0,-5.427,-6.574,38.206,0.588,0.712,-2.573,10.0,635.0,0.0,1462.0
15134.0,-5.35,-6.48,37.645,0.748,0.906,-2.235,16.0,635.0,0.0,0.0
15139.0,-5.26,-6.37,36.037,0.881,1.067,-2.467,0.0,0.0,0.0,1462.0
15154.0,-5.169,-6.261,35.594,1.007,1.22,-2.113,16.0,635.0,0.0,1462.0
15159.0,-5.064,-6.134,33.901,1.105,1.339,-2.194,0.0,0.0,0.0,0.0
15175.0,-4.91,-5.947,32.955,1.147,1.389,-1.748,10.0,636.0,0.0,1462.0
15179.0,-4.679,-5.668,27.909,1.119,1.356,-1.135,10.0,636.0,0.0,1462.0
15194.0,-4.371,-5.296,26.014,1.007,1.22,-0.659,0.0,636.0,0.0,1462.0
15199.0,-4.008,-4.855,19.818,0.832,1.008,0.509,0.0,0.0,0.0,0.0
15214.0,-3.609,-4.373,17.786,0.643,0.78,0.7,0.0,636.0,0.0,1462.0
15219.0,-3.168,-3.839,10.713,0.448,0.542,1.63,0.0,636.0,0.0,1462.0
15234.0,-2.728,-3.305,9.071,0.287,0.347,1.462,0.0,0.0,0.0,1462.0
15239.0,-2.273,-2.754,2.384,0.105,0.127,2.116,5.0,636.0,0.0,1462.0
15253.0,-1.79,-2.17,0.611,-0.119,-0.144,2.016,0.0,0.0,0.0,1462.0
15319.0,-1.259,-1.525,-0.117,-0.385,-0.466,1.638,0.0,636.0,0.0,1462.0
15336.0,2.028,2.458,-35.3,-2.287,-2.772,5.136,0.0,0.0,0.0,1462.0
15379.0,3.035,3.68,-38.168,-2.854,-3.459,4.434,-16.0,636.0,0.0,1462.0
15392.0,4.812,5.835,-56.22,-3.931,-4.766,6.221,-16.0,636.0,0.0,1462.0
15403.0,5.49,6.659,-59.291,-4.511,-5.471,6.532,-16.0,636.0,10.0,1462.0
15412.0,5.805,7.041,-58.331,-4.84,-5.87,6.249,-27.0,635.0,0.0,1462.0
15421.0,6.106,7.407,-58.138,-5.176,-6.278,6.113,-27.0,635.0,0.0,1462.0
15430.0,6.386,7.747,-58.343,-5.546,-6.729,6.181,-27.0,635.0,5.0,1462.0
15441.0,6.63,8.046,-58.202,-5.952,-7.222,6.157,-27.0,635.0,0.0,1462.0
15451.0,6.868,8.335,-58.702,-6.4,-7.767,6.43,-49.0,634.0,0.0,1462.0
15460.0,7.078,8.592,-59.344,-6.882,-8.354,6.943,-49.0,634.0,0.0,1462.0
15470.0,7.239,8.789,-59.372,-7.4,-8.984,7.313,-43.0,633.0,10.0,1462.0
15478.0,7.344,8.919,-59.13,-7.959,-9.666,8.177,-54.0,633.0,0.0,1462.0
15489.0,7.407,8.998,-58.35,-8.554,-10.391,8.394,-54.0,632.0,5.0,1462.0
15499.0,7.414,9.009,-57.175,-9.113,-11.074,8.655,-60.0,632.0,10.0,1462.0
15509.0,7.365,8.952,-55.556,-9.68,-11.766,8.923,-54.0,631.0,10.0,1462.0
15519.0,7.246,8.81,-53.3,-10.225,-12.433,9.105,-54.0,631.0,0.0,1463.0
15528.0,7.078,8.608,-50.612,-10.778,-13.108,9.496,-60.0,630.0,5.0,1463.0
15538.0,6.854,8.338,-47.684,-11.351,-13.809,9.72,-54.0,630.0,10.0,1463.0
15548.0,6.588,8.017,-44.534,-11.848,-14.417,9.689,-49.0,629.0,0.0,1463.0
15556.0,6.309,7.679,-41.034,-12.31,-14.983,9.945,-49.0,629.0,5.0,1463.0
15566.0,6.043,7.357,-38.685,-12.757,-15.531,9.791,-43.0,628.0,0.0,1463.0
15575.0,5.777,7.035,-36.242,-13.156,-16.02,9.702,0.0,0.0,0.0,0.0
15590.0,5.511,6.712,-34.809,-13.492,-16.432,9.016,-38.0,628.0,0.0,1463.0
15595.0,5.232,6.373,-30.331,-13.743,-16.741,9.365,-32.0,627.0,0.0,0.0
15610.0,4.924,5.999,-28.962,-13.939,-16.982,8.52,0.0,0.0,5.0,1463.0
15615.0,4.644,5.658,-24.941,-14.086,-17.161,8.41,0.0,0.0,0.0,0.0
15630.0,4.371,5.326,-24.323,-14.205,-17.307,7.708,-21.0,627.0,5.0,1463.0
15635.0,4.148,5.054,-21.709,-14.282,-17.402,7.436,-5.0,626.0,0.0,1463.0
15650.0,3.952,4.815,-21.908,-14.331,-17.462,6.886,0.0,0.0,5.0,1463.0
15665.0,3.805,4.636,-22.214,-14.352,-17.488,6.441,-5.0,626.0,0.0,1463.0
15670.0,3.672,4.474,-20.981,-14.352,-17.488,6.083,0.0,0.0,0.0,0.0
15675.0,3.574,4.355,-20.59,-14.338,-17.471,5.742,0.0,626.0,0.0,1463.0
15690.0,3.504,4.27,-21.399,-14.296,-17.419,5.494,0.0,626.0,0.0,1463.0
15707.0,3.455,4.21,-22.095,-14.261,-17.376,5.34,0.0,0.0,0.0,0.0
15712.0,3.413,4.159,-22.125,-14.254,-17.368,5.261,0.0,0.0,0.0,0.0
15716.0,3.385,4.125,-22.26,-14.282,-17.402,5.463,0.0,626.0,0.0,1463.0
15733.0,3.364,4.099,-22.764,-14.31,-17.437,5.45,-5.0,626.0,0.0,1463.0
15737.0,3.329,4.057,-22.423,-14.331,-17.463,5.551,0.0,626.0,0.0,0.0
15754.0,3.28,3.997,-22.431,-14.366,-17.507,5.531,0.0,626.0,0.0,1463.0
15759.0,3.231,3.938,-21.827,-14.415,-17.567,5.757,-21.0,626.0,0.0,1463.0
15774.0,3.189,3.887,-21.858,-14.478,-17.645,5.758,-16.0,626.0,0.0,1463.0
15779.0,3.147,3.836,-21.378,-14.548,-17.731,6.056,0.0,0.0,0.0,0.0
15795.0,3.084,3.759,-21.123,-14.618,-17.817,5.99,0.0,626.0,0.0,1463.0
15800.0,3.021,3.683,-20.174,-14.674,-17.885,6.147,0.0,0.0,0.0,1464.0
15815.0,2.952,3.598,-19.9,-14.73,-17.955,6.044,-16.0,625.0,5.0,1464.0
15820.0,2.868,3.496,-18.568,-14.779,-18.015,6.156,0.0,0.0,0.0,0.0
15835.0,2.777,3.385,-18.181,-14.828,-18.075,6.044,0.0,0.0,16.0,1464.0
15840.0,2.665,3.248,-16.366,-14.876,-18.135,6.164,-16.0,625.0,16.0,1464.0
15854.0,2.546,3.104,-15.812,-14.904,-18.169,6.016,0.0,0.0,0.0,1464.0
15885.0,2.378,2.899,-15.031,-14.897,-18.16,5.837,0.0,625.0,0.0,1464.0
15896.0,1.693,2.063,-6.161,-14.611,-17.805,4.838,-10.0,625.0,10.0,1464.0
15905.0,1.406,1.713,-3.595,-14.45,-17.606,4.398,-5.0,625.0,16.0,1464.0
15914.0,1.077,1.312,-0.524,-14.261,-17.373,3.972,0.0,625.0,16.0,1464.0
15924.0,0.72,0.877,2.488,-14.072,-17.139,3.714,0.0,625.0,10.0,1464.0
15933.0,0.315,0.383,6.422,-13.869,-16.889,3.399,0.0,625.0,16.0,1464.0
15942.0,-0.105,-0.128,10.278,-13.66,-16.629,3.129,0.0,625.0,21.0,1464.0
15951.0,-0.532,-0.647,14.001,-13.429,-16.344,2.842,0.0,625.0,5.0,1464.0
15960.0,-1.0,-1.217,18.186,-13.156,-16.008,2.463,0.0,625.0,5.0,1464.0
15971.0,-1.497,-1.821,21.836,-12.855,-15.638,2.246,0.0,625.0,0.0,1464.0
15980.0,-2.028,-2.467,26.744,-12.533,-15.242,1.805,5.0,625.0,5.0,1465.0
15990.0,-2.581,-3.138,31.213,-12.184,-14.812,1.475,0.0,625.0,5.0,1465.0
15998.0,-3.154,-3.834,36.893,-11.82,-14.366,0.891,10.0,625.0,0.0,1465.0
16009.0,-3.749,-4.555,40.985,-11.421,-13.877,0.703,0.0,625.0,0.0,1465.0
16018.0,-4.315,-5.241,45.587,-11.037,-13.405,0.343,0.0,625.0,0.0,1465.0
16028.0,-4.861,-5.902,49.276,-10.638,-12.917,0.129,16.0,625.0,5.0,1465.0
16038.0,-5.42,-6.58,53.247,-10.218,-12.404,-0.133,21.0,626.0,0.0,1465.0
16049.0,-5.917,-7.181,55.999,-9.792,-11.883,-0.27,21.0,626.0,0.0,1465.0
16058.0,-6.344,-7.697,58.659,-9.365,-11.362,-0.664,27.0,626.0,0.0,1465.0
16068.0,-6.665,-8.085,59.579,-8.938,-10.842,-0.846,32.0,626.0,0.0,1465.0
16076.0,-6.882,-8.347,59.788,-8.498,-10.306,-1.386,38.0,627.0,0.0,1465.0
16086.0,-6.987,-8.473,58.389,-8.05,-9.762,-1.512,43.0,627.0,0.0,1465.0
16096.0,-6.959,-8.438,55.705,-7.596,-9.21,-1.671,43.0,628.0,0.0,1465.0
16116.0,-6.756,-8.192,51.966,-7.162,-8.684,-1.13,0.0,0.0,0.0,0.0
16121.0,-6.512,-7.895,45.775,-6.742,-8.175,-2.605,0.0,0.0,0.0,0.0
16125.0,-6.274,-7.606,40.199,-6.316,-7.657,-4.347,43.0,629.0,0.0,1465.0
16140.0,-6.022,-7.301,38.776,-5.875,-7.123,-3.369,38.0,629.0,0.0,0.0
16155.0,-5.826,-7.064,37.911,-5.525,-6.699,-2.523,0.0,0.0,0.0,1465.0
16160.0,-5.665,-6.868,35.738,-5.239,-6.351,-2.937,38.0,630.0,-5.0,1465.0
16165.0,-5.546,-6.724,34.785,-5.029,-6.097,-2.782,16.0,630.0,0.0,1465.0
16180.0,-5.455,-6.614,35.351,-4.868,-5.902,-1.769,5.0,630.0,0.0,0.0
16185.0,-5.406,-6.554,35.579,-4.77,-5.783,-1.313,16.0,630.0,0.0,1465.0
16200.0,-5.357,-6.495,36.108,-4.7,-5.698,-0.56,5.0,630.0,0.0,0.0
16205.0,-5.309,-6.436,35.898,-4.623,-5.605,-0.355,5.0,630.0,-5.0,1465.0
16220.0,-5.239,-6.351,35.863,-4.511,-5.469,-0.002,16.0,631.0,0.0,0.0
16235.0,-5.162,-6.257,35.602,-4.371,-5.299,0.168,0.0,0.0,0.0,1465.0
16240.0,-5.05,-6.122,33.743,-4.182,-5.07,-0.573,21.0,631.0,0.0,0.0
16255.0,-4.931,-5.978,33.198,-3.973,-4.816,-0.428,32.0,631.0,0.0,1465.0
16260.0,-4.791,-5.808,30.948,-3.742,-4.536,-1.292,0.0,0.0,0.0,1465.0
16276.0,-4.672,-5.664,30.713,-3.532,-4.282,-0.954,21.0,632.0,0.0,1465.0
16280.0,-4.567,-5.537,29.023,-3.35,-4.061,-1.671,16.0,632.0,0.0,0.0
16285.0,-4.483,-5.435,28.451,-3.217,-3.9,-1.626,0.0,0.0,0.0,1465.0
16300.0,-4.42,-5.359,28.936,-3.112,-3.773,-1.029,5.0,632.0,0.0,1465.0
16315.0,-4.371,-5.299,29.307,-3.035,-3.68,-0.558,21.0,632.0,0.0,0.0
16321.0,-4.315,-5.231,28.966,-2.945,-3.57,-0.534,0.0,0.0,0.0,1465.0
16325.0,-4.252,-5.155,28.093,-2.833,-3.434,-0.906,16.0,633.0,0.0,1465.0
16340.0,-4.175,-5.062,28.012,-2.7,-3.273,-0.632,0.0,0.0,0.0,0.0
16345.0,-4.099,-4.969,27.041,-2.574,-3.12,-0.926,10.0,633.0,0.0,0.0
16361.0,-4.015,-4.867,26.879,-2.42,-2.934,-0.703,0.0,0.0,0.0,1465.0
16365.0,-3.91,-4.74,24.907,-2.245,-2.722,-1.563,0.0,0.0,0.0,1465.0
16382.0,-3.791,-4.596,24.593,-2.028,-2.459,-1.299,27.0,633.0,0.0,1465.0
16387.0,-3.679,-4.46,23.047,-1.825,-2.213,-1.942,21.0,634.0,0.0,0.0
16404.0,-3.567,-4.324,22.868,-1.637,-1.984,-1.552,0.0,0.0,0.0,1465.0
16409.0,-3.483,-4.223,21.962,-1.483,-1.798,-1.859,5.0,634.0,0.0,1465.0
16424.0,-3.413,-4.138,22.127,-1.378,-1.67,-1.381,5.0,634.0,0.0,1465.0
16430.0,-3.357,-4.07,21.853,-1.294,-1.569,-1.254,0.0,0.0,0.0,0.0
16445.0,-3.266,-3.96,21.521,-1.273,-1.543,-0.785,0.0,634.0,0.0,1465.0
16450.0,-3.105,-3.765,18.684,-1.322,-1.603,-0.108,0.0,634.0,0.0,1465.0
16465.0,-2.945,-3.57,17.906,-1.392,-1.687,0.23,0.0,0.0,0.0,0.0
16470.0,-2.763,-3.35,14.993,-1.483,-1.798,0.875,0.0,0.0,0.0,0.0
16487.0,-2.539,-3.078,13.939,-1.595,-1.933,1.007,0.0,634.0,0.0,1465.0
16492.0,-2.238,-2.714,8.736,-1.749,-2.12,1.831,0.0,634.0,0.0,0.0
16495.0,-1.902,-2.307,0.416,-1.909,-2.315,3.091,0.0,634.0,0.0,1465.0
16512.0,-1.539,-1.866,0.242,-2.091,-2.536,2.75,0.0,634.0,0.0,1465.0
16516.0,-1.182,-1.433,-5.554,-2.266,-2.748,3.489,0.0,634.0,0.0,1465.0
16542.0,-0.776,-0.941,-5.394,-2.455,-2.977,2.97,0.0,0.0,0.0,0.0
16604.0,-0.378,-0.458,-5.45,-2.644,-3.206,2.504,0.0,0.0,0.0,1465.0
16619.0,2.693,3.267,-40.242,-4.238,-5.143,5.721,0.0,635.0,0.0,1465.0
16628.0,3.154,3.828,-41.149,-4.49,-5.449,5.375,0.0,635.0,0.0,1465.0
16638.0,3.637,4.413,-42.724,-4.763,-5.78,5.147,0.0,635.0,0.0,1465.0
16647.0,4.12,4.999,-45.274,-5.029,-6.103,5.082,0.0,635.0,0.0,1465.0
16655.0,4.588,5.569,-48.376,-5.309,-6.443,5.229,-16.0,635.0,0.0,1465.0
16664.0,5.043,6.121,-50.885,-5.609,-6.809,5.325,-10.0,634.0,5.0,1465.0
16673.0,5.476,6.648,-53.316,-5.952,-7.226,5.578,-27.0,634.0,0.0,1465.0
16683.0,5.896,7.159,-55.416,-6.344,-7.703,5.842,-38.0,634.0,0.0,1465.0
16692.0,6.281,7.628,-57.612,-6.77,-8.222,6.324,-43.0,634.0,0.0,1465.0
16702.0,6.658,8.088,-59.583,-7.267,-8.827,6.8,-27.0,633.0,5.0,1465.0
16711.0,7.008,8.515,-61.673,-7.798,-9.475,7.477,-32.0,633.0,5.0,1465.0
16721.0,7.344,8.925,-63.424,-8.379,-10.183,7.999,-43.0,632.0,0.0,1465.0
16731.0,7.673,9.328,-65.292,-9.008,-10.952,8.591,-49.0,632.0,10.0,1465.0
16741.0,7.987,9.714,-67.127,-9.652,-11.738,9.122,-65.0,631.0,0.0,1465.0
16751.0,8.274,10.067,-68.711,-10.33,-12.569,9.684,-60.0,631.0,5.0,1465.0
16760.0,8.561,10.421,-70.701,-11.093,-13.503,10.681,-65.0,630.0,0.0,1465.0
16770.0,8.827,10.75,-72.203,-11.925,-14.524,11.45,-65.0,630.0,5.0,1465.0
16780.0,9.078,11.064,-73.652,-12.785,-15.581,12.176,-60.0,629.0,0.0,1465.0
16789.0,9.288,11.327,-74.802,-13.632,-16.623,13.017,-82.0,628.0,21.0,1465.0
16799.0,9.477,11.565,-75.61,-14.527,-17.727,13.589,-71.0,628.0,5.0,1465.0
16809.0,9.666,11.804,-76.609,-15.394,-18.799,14.001,-71.0,627.0,10.0,1466.0
16819.0,9.841,12.026,-77.545,-16.233,-19.839,14.3,-65.0,626.0,16.0,1466.0
16829.0,9.995,12.224,-78.3,-17.087,-20.898,14.656,-71.0,626.0,21.0,1466.0
16839.0,10.148,12.422,-79.193,-17.919,-21.934,14.936,-65.0,625.0,10.0,1466.0
16849.0,10.295,12.613,-80.08,-18.744,-22.963,15.209,-60.0,624.0,10.0,1466.0
16859.0,10.414,12.769,-80.635,-19.535,-23.952,15.382,-60.0,624.0,16.0,1466.0
16868.0,10.505,12.891,-80.97,-20.283,-24.889,15.703,-60.0,623.0,16.0,1466.0
16878.0,10.561,12.969,-80.82,-20.947,-25.723,15.485,-54.0,623.0,16.0,1467.0
16892.0,10.582,13.005,-80.285,-21.612,-26.559,14.839,-54.0,622.0,5.0,1467.0
16903.0,10.575,13.005,-79.611,-22.199,-27.3,14.615,-65.0,621.0,5.0,1467.0
16912.0,10.505,12.928,-78.158,-22.808,-28.067,14.964,-65.0,621.0,10.0,1467.0
16920.0,10.316,12.703,-74.942,-23.311,-28.703,15.1,-76.0,620.0,10.0,1467.0
16931.0,10.016,12.339,-71.163,-23.85,-29.383,14.841,-71.0,619.0,10.0,1467.0
16940.0,9.694,11.95,-67.099,-24.444,-30.135,15.262,-71.0,619.0,10.0,1467.0
16950.0,9.414,11.614,-64.441,-25.081,-30.941,15.574,-71.0,618.0,10.0,1467.0
16958.0,9.148,11.295,-61.712,-25.794,-31.848,16.677,-76.0,617.0,0.0,1467.0
16968.0,8.869,10.958,-59.482,-26.466,-32.701,16.844,-71.0,616.0,16.0,1467.0
16978.0,8.505,10.516,-56.063,-27.102,-33.512,16.924,-76.0,616.0,5.0,1467.0
16988.0,8.12,10.048,-52.552,-27.704,-34.28,16.937,-65.0,615.0,5.0,1468.0
16998.0,7.756,9.604,-49.551,-28.305,-35.049,17.016,-60.0,614.0,10.0,1468.0
17008.0,7.414,9.186,-46.954,-28.865,-35.765,17.0,-54.0,614.0,16.0,1468.0
17018.0,7.099,8.801,-44.784,-29.368,-36.41,16.86,-54.0,613.0,10.0,1468.0
17028.0,6.805,8.442,-42.88,-29.851,-37.03,16.753,-43.0,613.0,16.0,1468.0
17038.0,6.539,8.116,-41.303,-30.278,-37.578,16.539,-38.0,612.0,10.0,1468.0
17048.0,6.316,7.842,-40.232,-30.655,-38.065,16.273,-38.0,612.0,21.0,1469.0
17058.0,6.106,7.585,-39.192,-31.005,-38.516,16.035,-32.0,612.0,21.0,1469.0
17068.0,5.917,7.353,-38.307,-31.306,-38.904,15.741,-27.0,611.0,27.0,1469.0
17076.0,5.756,7.156,-37.387,-31.578,-39.258,15.685,-21.0,611.0,21.0,1469.0
17086.0,5.623,6.993,-37.097,-31.809,-39.558,15.323,0.0,0.0,0.0,0.0
17101.0,5.497,6.838,-37.008,-32.005,-39.812,14.77,-27.0,611.0,16.0,1469.0
17105.0,5.385,6.701,-35.323,-32.173,-40.03,15.293,-21.0,610.0,27.0,1470.0
17124.0,5.274,6.563,-35.524,-32.348,-40.255,14.66,-16.0,610.0,0.0,0.0
17129.0,5.162,6.425,-34.198,-32.509,-40.464,14.952,0.0,0.0,0.0,0.0
17144.0,5.05,6.287,-34.125,-32.683,-40.691,14.539,-10.0,610.0,0.0,1470.0
17150.0,4.98,6.201,-33.83,-32.816,-40.864,14.585,-10.0,610.0,5.0,1470.0
17165.0,4.924,6.132,-34.153,-32.893,-40.965,14.078,0.0,0.0,21.0,1470.0
17169.0,4.889,6.089,-34.034,-32.949,-41.036,13.988,-5.0,610.0,10.0,1470.0
17184.0,4.868,6.063,-34.524,-32.97,-41.063,13.536,0.0,610.0,5.0,1471.0
17189.0,4.861,6.054,-34.929,-32.991,-41.091,13.316,0.0,610.0,0.0,0.0
17205.0,4.84,6.029,-35.096,-33.012,-41.12,13.071,-5.0,610.0,0.0,0.0
17210.0,4.791,5.968,-34.327,-33.054,-41.174,13.128,0.0,0.0,0.0,1471.0
17225.0,4.749,5.916,-34.253,-33.124,-41.265,13.068,0.0,0.0,0.0,0.0
17230.0,4.693,5.847,-33.381,-33.18,-41.338,13.234,0.0,0.0,0.0,0.0
17246.0,4.665,5.812,-33.554,-33.222,-41.393,13.083,0.0,609.0,0.0,1471.0
17251.0,4.651,5.795,-33.639,-33.25,-41.429,13.067,-5.0,609.0,0.0,0.0
17267.0,4.616,5.752,-33.554,-33.271,-41.455,12.922,0.0,0.0,0.0,1471.0
17272.0,4.588,5.717,-33.216,-33.306,-41.499,13.005,0.0,609.0,0.0,1471.0
17276.0,4.567,5.691,-32.999,-33.348,-41.554,13.182,0.0,609.0,0.0,1471.0
17292.0,4.532,5.648,-32.921,-33.39,-41.609,13.066,-5.0,609.0,0.0,1471.0
17296.0,4.504,5.613,-32.489,-33.432,-41.664,13.242,-21.0,609.0,0.0,0.0
17313.0,4.448,5.544,-32.187,-33.509,-41.765,13.191,-16.0,609.0,0.0,1471.0
17317.0,4.385,5.467,-30.882,-33.628,-41.92,13.97,-27.0,609.0,0.0,1471.0
17333.0,4.301,5.363,-30.451,-33.782,-42.122,13.916,0.0,0.0,5.0,1471.0
17338.0,4.231,5.278,-29.426,-33.97,-42.37,14.793,-21.0,609.0,0.0,1471.0
17354.0,4.141,5.166,-29.011,-34.222,-42.699,14.762,-27.0,608.0,10.0,1471.0
17360.0,4.029,5.028,-27.402,-34.474,-43.029,15.594,-38.0,608.0,5.0,1471.0
17375.0,3.903,4.873,-26.677,-34.733,-43.366,15.43,-27.0,608.0,0.0,1471.0
17380.0,3.77,4.708,-24.484,-34.964,-43.668,16.242,-32.0,607.0,0.0,1471.0
17394.0,3.644,4.552,-24.009,-35.138,-43.897,15.761,-21.0,607.0,0.0,1471.0
17400.0,3.539,4.422,-22.917,-35.285,-44.089,15.81,0.0,0.0,5.0,1472.0
17415.0,3.441,4.301,-22.786,-35.397,-44.238,15.317,-16.0,607.0,0.0,1472.0
17419.0,3.329,4.161,-20.767,-35.523,-44.401,15.733,0.0,0.0,0.0,0.0
17435.0,3.182,3.978,-20.241,-35.649,-44.564,15.302,0.0,0.0,0.0,1472.0
17440.0,2.966,3.707,-16.455,-35.719,-44.654,15.181,-16.0,606.0,0.0,1472.0
17455.0,2.7,3.375,-14.866,-35.754,-44.694,14.721,-21.0,606.0,-5.0,1472.0
17460.0,2.406,3.007,-9.864,-35.782,-44.722,14.474,0.0,0.0,0.0,0.0
17476.0,2.098,2.622,-8.563,-35.803,-44.741,14.19,-21.0,606.0,0.0,0.0
17481.0,1.749,2.185,-2.841,-35.817,-44.751,14.011,-5.0,605.0,0.0,1472.0
17485.0,1.413,1.765,2.896,-35.803,-44.724,13.662,-16.0,605.0,-10.0,1472.0
17501.0,1.056,1.319,3.199,-35.747,-44.64,13.438,0.0,0.0,0.0,0.0
17517.0,0.706,0.882,4.126,-35.649,-44.503,13.178,-5.0,605.0,10.0,1472.0
17521.0,0.35,0.436,10.656,-35.495,-44.292,11.903,0.0,0.0,0.0,1472.0
17525.0,-0.007,-0.009,15.837,-35.313,-44.043,10.75,5.0,605.0,0.0,1472.0
17542.0,-0.357,-0.445,15.323,-35.103,-43.756,10.997,0.0,605.0,0.0,1472.0
17546.0,-0.685,-0.854,20.121,-34.894,-43.47,9.836,0.0,0.0,0.0,0.0
17563.0,-1.042,-1.298,19.849,-34.663,-43.158,10.262,5.0,605.0,10.0,1472.0
17568.0,-1.42,-1.767,24.675,-34.432,-42.844,9.469,5.0,605.0,5.0,1472.0
17584.0,-1.79,-2.227,24.937,-34.215,-42.55,9.954,0.0,0.0,0.0,1473.0
17589.0,-2.168,-2.695,29.89,-34.019,-42.282,9.43,0.0,605.0,5.0,1473.0
17605.0,-2.567,-3.188,30.586,-33.831,-42.022,9.94,0.0,605.0,10.0,1473.0
17610.0,-2.945,-3.656,35.558,-33.642,-41.765,9.426,0.0,605.0,0.0,0.0
17625.0,-3.287,-4.079,35.705,-33.439,-41.492,9.839,0.0,605.0,0.0,1473.0
17630.0,-3.602,-4.467,39.327,-33.243,-41.23,9.284,16.0,605.0,5.0,1473.0
17644.0,-3.917,-4.855,39.562,-33.04,-40.959,9.664,0.0,0.0,5.0,1473.0
17650.0,-4.231,-5.243,42.634,-32.837,-40.688,9.283,0.0,605.0,0.0,1473.0
17665.0,-4.539,-5.621,43.065,-32.642,-40.424,9.659,10.0,605.0,10.0,1473.0
17670.0,-4.84,-5.991,46.912,-32.397,-40.1,8.746,10.0,605.0,0.0,1473.0
17685.0,-5.113,-6.325,46.965,-32.131,-39.75,9.067,0.0,0.0,0.0,1473.0
17690.0,-5.357,-6.625,49.652,-31.879,-39.419,8.236,16.0,606.0,0.0,1473.0
17705.0,-5.581,-6.898,49.414,-31.655,-39.123,8.75,10.0,606.0,16.0,1473.0
17710.0,-5.777,-7.137,51.306,-31.411,-38.803,8.016,5.0,606.0,10.0,1473.0
17726.0,-5.973,-7.375,51.084,-31.117,-38.421,8.416,0.0,0.0,0.0,1473.0
17731.0,-6.148,-7.587,52.849,-30.809,-38.022,7.311,16.0,606.0,0.0,1474.0
17746.0,-6.309,-7.782,52.598,-30.508,-37.632,7.799,21.0,607.0,0.0,1474.0
17751.0,-6.47,-7.976,54.33,-30.194,-37.226,6.778,0.0,0.0,0.0,0.0
17767.0,-6.602,-8.137,53.954,-29.914,-36.866,7.447,21.0,607.0,0.0,1474.0
17772.0,-6.742,-8.305,55.444,-29.606,-36.469,6.505,0.0,0.0,0.0,1474.0
17776.0,-6.868,-8.457,56.949,-29.34,-36.128,5.686,10.0,607.0,0.0,1474.0
17793.0,-6.994,-8.609,56.533,-29.075,-35.787,6.648,16.0,608.0,0.0,1474.0
17797.0,-7.085,-8.718,57.354,-28.844,-35.49,6.005,16.0,608.0,0.0,0.0
17813.0,-7.162,-8.809,56.73,-28.571,-35.141,6.77,21.0,608.0,0.0,1474.0
17817.0,-7.232,-8.891,57.297,-28.249,-34.731,5.319,21.0,608.0,0.0,1474.0
17833.0,-7.281,-8.947,56.654,-27.844,-34.215,5.919,0.0,0.0,0.0,1474.0
17837.0,-7.302,-8.968,56.211,-27.403,-33.657,3.708,38.0,609.0,0.0,1474.0
17854.0,-7.309,-8.971,55.519,-26.864,-32.975,4.457,49.0,609.0,5.0,1474.0
17860.0,-7.323,-8.983,55.193,-26.249,-32.198,2.749,49.0,610.0,0.0,1474.0
17875.0,-7.344,-9.003,55.007,-25.647,-31.442,3.384,43.0,611.0,0.0,1474.0
17879.0,-7.379,-9.041,55.508,-25.123,-30.782,1.042,0.0,0.0,0.0,0.0
17894.0,-7.428,-9.097,55.689,-24.724,-30.28,2.547,0.0,0.0,0.0,1474.0
17899.0,-7.498,-9.179,56.836,-24.367,-29.832,2.222,21.0,611.0,10.0,1474.0
17914.0,-7.582,-9.278,57.3,-24.074,-29.461,3.536,21.0,612.0,0.0,1474.0
17919.0,-7.666,-9.378,58.6,-23.745,-29.049,3.023,0.0,0.0,0.0,0.0
17935.0,-7.749,-9.477,58.871,-23.409,-28.629,3.974,0.0,0.0,0.0,1474.0
17940.0,-7.833,-9.577,60.061,-23.067,-28.201,3.175,21.0,612.0,5.0,1474.0
17955.0,-7.903,-9.66,60.11,-22.808,-27.877,4.145,16.0,613.0,5.0,1474.0
17960.0,-7.966,-9.735,60.812,-22.605,-27.623,4.115,10.0,613.0,0.0,1474.0
17976.0,-8.043,-9.827,60.989,-22.409,-27.378,4.927,0.0,0.0,0.0,0.0
17981.0,-8.141,-9.944,62.495,-22.22,-27.142,4.706,0.0,0.0,0.0,0.0
17996.0,-8.253,-10.079,62.994,-22.059,-26.94,5.354,0.0,613.0,0.0,1474.0
18001.0,-8.344,-10.188,64.207,-21.941,-26.791,5.41,0.0,0.0,0.0,0.0
18016.0,-8.4,-10.256,63.956,-21.843,-26.668,5.965,0.0,613.0,0.0,1474.0
18021.0,-8.456,-10.323,64.439,-21.731,-26.529,5.864,5.0,613.0,0.0,0.0
18026.0,-8.512,-10.389,64.888,-21.584,-26.345,5.557,21.0,614.0,0.0,1474.0
18041.0,-8.568,-10.455,64.78,-21.339,-26.04,5.681,10.0,614.0,0.0,0.0
18046.0,-8.624,-10.521,65.343,-20.996,-25.615,4.152,0.0,0.0,0.0,1474.0
18061.0,-8.687,-10.593,65.406,-20.542,-25.051,4.14,0.0,0.0,10.0,1474.0
18066.0,-8.715,-10.624,65.394,-20.052,-24.444,2.061,54.0,615.0,0.0,1474.0
18081.0,-8.715,-10.619,64.855,-19.493,-23.753,2.328,0.0,0.0,0.0,0.0
18096.0,-8.701,-10.599,64.306,-18.912,-23.037,2.408,54.0,616.0,5.0,1474.0
18101.0,-8.701,-10.594,64.004,-18.241,-22.209,-0.464,65.0,616.0,10.0,1475.0
18106.0,-8.715,-10.606,64.101,-17.59,-21.409,-2.409,0.0,0.0,10.0,1475.0
18121.0,-8.757,-10.654,64.433,-16.891,-20.55,-1.392,49.0,617.0,0.0,1475.0
18127.0,-8.792,-10.693,64.905,-16.331,-19.863,-2.079,54.0,618.0,16.0,1475.0
18142.0,-8.806,-10.706,64.819,-15.842,-19.261,-0.81,38.0,619.0,0.0,1475.0
18146.0,-8.799,-10.696,64.418,-15.443,-18.773,-1.913,32.0,619.0,10.0,1475.0
18162.0,-8.799,-10.693,64.323,-15.072,-18.318,-0.467,38.0,619.0,0.0,0.0
18168.0,-8.792,-10.683,64.106,-14.709,-17.873,-0.594,32.0,620.0,0.0,1475.0
18185.0,-8.764,-10.647,63.76,-14.331,-17.411,0.402,32.0,620.0,0.0,1475.0
18190.0,-8.715,-10.586,62.695,-13.953,-16.949,-0.506,0.0,0.0,0.0,0.0
18205.0,-8.659,-10.516,62.247,-13.576,-16.488,0.296,32.0,621.0,0.0,1475.0
18210.0,-8.61,-10.456,61.412,-13.24,-16.079,-0.397,32.0,621.0,0.0,1475.0
18226.0,-8.554,-10.387,61.135,-12.939,-15.712,0.508,27.0,621.0,0.0,1475.0
18230.0,-8.512,-10.335,60.403,-12.708,-15.43,-0.004,27.0,621.0,0.0,0.0
18245.0,-8.463,-10.275,60.282,-12.498,-15.174,0.9,16.0,622.0,0.0,1475.0
18250.0,-8.421,-10.223,59.76,-12.317,-14.952,0.864,16.0,622.0,0.0,0.0
18266.0,-8.365,-10.154,59.563,-12.142,-14.739,1.566,27.0,622.0,0.0,1475.0
18270.0,-8.281,-10.051,57.815,-11.932,-14.483,0.811,21.0,622.0,0.0,0.0
18285.0,-8.162,-9.907,57.115,-11.652,-14.143,1.224,38.0,623.0,0.0,1475.0
18290.0,-8.043,-9.761,55.2,-11.323,-13.742,0.089,27.0,623.0,0.0,1475.0
18305.0,-7.945,-9.642,55.015,-10.974,-13.317,0.491,0.0,0.0,0.0,1475.0
18311.0,-7.833,-9.505,53.673,-10.589,-12.848,-0.472,38.0,624.0,0.0,1475.0
18326.0,-7.694,-9.335,52.977,-10.239,-12.423,0.018,32.0,624.0,0.0,1475.0
18331.0,-7.547,-9.156,50.665,-9.855,-11.956,-1.254,43.0,624.0,0.0,1475.0
18336.0,-7.428,-9.011,49.341,-9.54,-11.573,-1.753,0.0,0.0,0.0,1475.0
18351.0,-7.33,-8.892,49.566,-9.281,-11.259,-0.783,27.0,625.0,0.0,1475.0
18368.0,-7.253,-8.798,49.809,-9.12,-11.063,0.131,21.0,625.0,0.0,0.0
18373.0,-7.19,-8.721,49.32,-9.008,-10.927,0.392,5.0,626.0,0.0,1475.0
18381.0,-7.134,-8.653,49.303,-8.904,-10.799,0.837,16.0,626.0,0.0,1475.0
18391.0,-7.085,-8.594,49.375,-8.82,-10.698,1.283,21.0,626.0,0.0,1475.0
18401.0,-7.036,-8.534,49.316,-8.75,-10.613,1.631,27.0,626.0,0.0,1475.0
18410.0,-6.98,-8.466,49.02,-8.652,-10.494,1.744,32.0,626.0,0.0,1475.0
18420.0,-6.889,-8.356,48.227,-8.477,-10.281,1.592,38.0,627.0,0.0,1475.0
18430.0,-6.749,-8.185,46.758,-8.225,-9.975,1.213,49.0,627.0,0.0,1475.0
18440.0,-6.567,-7.965,44.815,-7.896,-9.576,0.67,43.0,628.0,0.0,1475.0
18449.0,-6.358,-7.71,42.479,-7.533,-9.135,0.021,49.0,628.0,0.0,1475.0
18459.0,-6.141,-7.447,40.453,-7.148,-8.668,-0.424,43.0,628.0,0.0,1475.0
18469.0,-5.917,-7.175,38.462,-6.742,-8.176,-0.845,43.0,629.0,0.0,1475.0
18479.0,-5.672,-6.878,36.272,-6.316,-7.658,-1.254,49.0,629.0,0.0,1475.0
18488.0,-5.441,-6.598,34.223,-5.903,-7.157,-1.673,43.0,630.0,0.0,1475.0
18497.0,-5.218,-6.326,32.392,-5.504,-6.674,-1.962,38.0,630.0,0.0,1475.0
18506.0,-5.022,-6.089,31.052,-5.148,-6.241,-2.056,38.0,630.0,0.0,1475.0
18527.0,-4.847,-5.876,30.817,-4.84,-5.868,-1.416,0.0,0.0,0.0,0.0
18531.0,-4.693,-5.69,28.232,-4.553,-5.52,-2.654,0.0,0.0,0.0,0.0
18547.0,-4.553,-5.52,28.349,-4.301,-5.215,-1.91,16.0,631.0,0.0,1475.0
18553.0,-4.427,-5.368,27.341,-4.092,-4.961,-1.961,27.0,631.0,0.0,0.0
18557.0,-4.357,-5.283,27.019,-3.973,-4.816,-1.835,0.0,0.0,0.0,1475.0
18573.0,-4.329,-5.249,28.091,-3.924,-4.757,-0.958,0.0,631.0,0.0,1475.0
18577.0,-4.329,-5.249,29.108,-3.931,-4.765,-0.19,0.0,631.0,0.0,1475.0
18593.0,-4.343,-5.266,29.989,-3.952,-4.791,0.342,0.0,0.0,-5.0,1475.0
18597.0,-4.343,-5.265,30.467,-3.945,-4.782,0.616,0.0,631.0,0.0,1475.0
18613.0,-4.329,-5.248,30.638,-3.91,-4.74,0.785,0.0,631.0,0.0,1475.0
18619.0,-4.301,-5.214,30.349,-3.847,-4.663,0.648,0.0,631.0,0.0,1475.0
18635.0,-4.259,-5.163,30.134,-3.777,-4.578,0.72,10.0,631.0,0.0,1475.0
18640.0,-4.217,-5.113,29.472,-3.707,-4.494,0.484,0.0,632.0,0.0,1475.0
18655.0,-4.182,-5.07,29.408,-3.644,-4.417,0.598,0.0,632.0,0.0,1475.0
18660.0,-4.148,-5.028,28.948,-3.581,-4.341,0.427,5.0,632.0,0.0,1475.0
18675.0,-4.12,-4.994,28.973,-3.518,-4.264,0.544,0.0,0.0,0.0,1475.0
18680.0,-4.092,-4.96,28.659,-3.469,-4.205,0.462,16.0,632.0,0.0,1475.0
18696.0,-4.064,-4.926,28.657,-3.413,-4.137,0.58,5.0,632.0,0.0,1475.0
18701.0,-4.05,-4.909,28.618,-3.35,-4.061,0.388,0.0,632.0,0.0,0.0
18716.0,-4.078,-4.942,29.207,-3.252,-3.942,0.412,10.0,632.0,0.0,1475.0
18722.0,-4.148,-5.027,30.696,-3.119,-3.781,-0.05,16.0,632.0,0.0,0.0
18726.0,-4.203,-5.095,31.957,-2.972,-3.603,-0.817,16.0,632.0,0.0,1475.0
18741.0,-4.231,-5.129,31.878,-2.826,-3.425,-0.586,5.0,632.0,0.0,1475.0
18746.0,-4.217,-5.111,31.239,-2.693,-3.264,-0.924,0.0,0.0,0.0,0.0
18761.0,-4.161,-5.043,30.388,-2.525,-3.06,-0.74,27.0,633.0,0.0,1475.0
18766.0,-4.106,-4.976,29.129,-2.308,-2.797,-1.582,27.0,633.0,0.0,0.0
18781.0,-4.043,-4.899,28.584,-2.014,-2.441,-1.532,27.0,633.0,0.0,1475.0
18797.0,-3.987,-4.832,28.166,-1.7,-2.06,-1.54,38.0,634.0,0.0,0.0
18801.0,-3.917,-4.747,26.636,-1.343,-1.628,-3.616,0.0,0.0,0.0,1475.0
18815.0,-3.861,-4.679,26.493,-1.021,-1.238,-3.17,32.0,634.0,0.0,1475.0
18820.0,-3.826,-4.637,26.205,-0.741,-0.899,-3.837,0.0,0.0,0.0,0.0
18836.0,-3.784,-4.586,26.193,-0.511,-0.619,-3.108,16.0,635.0,0.0,1475.0
18840.0,-3.714,-4.501,24.81,-0.301,-0.364,-3.722,16.0,635.0,0.0,0.0
18855.0,-3.644,-4.416,24.622,-0.105,-0.127,-3.024,0.0,0.0,0.0,1475.0
18860.0,-3.574,-4.332,23.661,0.077,0.093,-2.754,16.0,635.0,0.0,1475.0
18876.0,-3.504,-4.247,23.533,0.224,0.271,-2.416,5.0,635.0,0.0,1475.0
18881.0,-3.427,-4.154,22.441,0.357,0.432,-2.537,16.0,636.0,0.0,0.0
18901.0,-3.357,-4.069,22.424,0.476,0.576,-2.031,16.0,636.0,0.0,1475.0
18905.0,-3.301,-4.001,21.597,0.574,0.695,-2.221,5.0,636.0,0.0,1475.0
18910.0,-3.252,-3.942,21.252,0.643,0.78,-2.05,0.0,0.0,0.0,1475.0
18925.0,-3.217,-3.9,21.549,0.692,0.839,-1.618,0.0,636.0,0.0,1475.0
18930.0,-3.189,-3.866,21.492,0.72,0.873,-1.381,16.0,636.0,0.0,1475.0
18946.0,-3.161,-3.832,21.672,0.762,0.924,-1.137,0.0,0.0,0.0,1475.0
18950.0,-3.119,-3.781,20.999,0.832,1.009,-1.413,0.0,636.0,0.0,1475.0
18966.0,-3.077,-3.73,21.01,0.902,1.094,-1.233,0.0,636.0,0.0,1475.0
18971.0,-3.035,-3.679,20.506,0.972,1.178,-1.394,5.0,636.0,0.0,1475.0
18986.0,-2.993,-3.628,20.468,1.035,1.255,-1.226,16.0,636.0,0.0,1475.0
18991.0,-2.952,-3.578,19.945,1.105,1.339,-1.404,0.0,0.0,0.0,0.0
19007.0,-2.91,-3.527,19.905,1.175,1.424,-1.256,10.0,637.0,0.0,1475.0
19011.0,-2.868,-3.476,19.214,1.259,1.526,-1.648,0.0,0.0,0.0,1475.0
19027.0,-2.819,-3.417,19.128,1.343,1.628,-1.474,16.0,637.0,0.0,0.0
19032.0,-2.763,-3.349,18.319,1.427,1.73,-1.697,0.0,0.0,0.0,1475.0
19048.0,-2.714,-3.29,18.273,1.518,1.84,-1.542,10.0,637.0,0.0,1475.0
19054.0,-2.644,-3.205,17.356,1.63,1.975,-1.829,0.0,0.0,0.0,0.0
19057.0,-2.567,-3.112,15.495,1.756,2.128,-2.725,10.0,637.0,0.0,1475.0
19073.0,-2.476,-3.001,15.374,1.909,2.315,-2.435,10.0,637.0,0.0,1475.0
19078.0,-2.378,-2.883,14.028,2.077,2.518,-2.95,21.0,637.0,0.0,1475.0
19094.0,-2.266,-2.747,13.686,2.273,2.756,-2.719,0.0,0.0,0.0,1475.0
19099.0,-2.154,-2.612,12.086,2.469,2.993,-3.363,21.0,638.0,0.0,1475.0
19115.0,-2.056,-2.493,12.004,2.651,3.214,-3.021,16.0,638.0,0.0,1475.0
19120.0,-1.958,-2.374,10.756,2.819,3.417,-3.443,0.0,0.0,0.0,1475.0
19136.0,-1.874,-2.273,10.811,2.952,3.579,-3.008,21.0,639.0,0.0,0.0
19141.0,-1.818,-2.205,10.439,3.056,3.706,-3.077,0.0,0.0,0.0,1475.0
19156.0,-1.777,-2.154,10.767,3.14,3.808,-2.681,5.0,639.0,0.0,1475.0
19161.0,-1.749,-2.12,10.804,3.189,3.867,-2.522,0.0,0.0,0.0,0.0
19176.0,-1.735,-2.103,11.209,3.217,3.901,-2.178,0.0,639.0,0.0,1475.0
19181.0,-1.728,-2.095,11.48,3.224,3.91,-1.919,0.0,639.0,0.0,1475.0
19196.0,-1.728,-2.095,11.807,3.224,3.91,-1.695,0.0,639.0,0.0,1475.0
19201.0,-1.728,-2.095,12.035,3.224,3.91,-1.539,0.0,639.0,0.0,0.0
19217.0,-1.728,-2.095,12.195,3.224,3.91,-1.429,5.0,639.0,0.0,1475.0
19222.0,-1.707,-2.069,11.85,3.245,3.935,-1.482,0.0,639.0,0.0,0.0
19226.0,-1.693,-2.052,11.665,3.28,3.978,-1.66,0.0,0.0,0.0,1475.0
19241.0,-1.672,-2.027,11.605,3.322,4.028,-1.616,0.0,639.0,0.0,1475.0
19257.0,-1.651,-2.002,11.524,3.357,4.071,-1.57,0.0,639.0,-10.0,1475.0
19262.0,-1.623,-1.968,11.059,3.406,4.13,-1.768,0.0,0.0,0.0,1475.0
19266.0,-1.588,-1.925,10.395,3.462,4.198,-2.038,10.0,639.0,0.0,1475.0
19285.0,-1.553,-1.883,10.354,3.525,4.275,-1.924,0.0,639.0,0.0,0.0
19290.0,-1.518,-1.841,9.874,3.588,4.351,-2.121,0.0,0.0,0.0,0.0
19305.0,-1.483,-1.798,9.801,3.644,4.419,-2.005,5.0,639.0,0.0,1475.0
19311.0,-1.455,-1.764,9.555,3.693,4.479,-2.057,5.0,639.0,0.0,0.0
19326.0,-1.427,-1.73,9.525,3.742,4.538,-1.956,0.0,639.0,0.0,1475.0
19331.0,-1.406,-1.705,9.325,3.777,4.58,-1.995,5.0,639.0,0.0,1475.0
19346.0,-1.392,-1.688,9.427,3.805,4.614,-1.873,0.0,0.0,0.0,1475.0
19351.0,-1.378,-1.671,9.332,3.826,4.64,-1.856,5.0,640.0,0.0,1475.0
19367.0,-1.371,-1.663,9.457,3.84,4.657,-1.747,0.0,640.0,0.0,0.0
19371.0,-1.357,-1.646,9.256,3.861,4.682,-1.803,0.0,0.0,0.0,0.0
19386.0,-1.343,-1.629,9.272,3.882,4.708,-1.732,10.0,640.0,0.0,1475.0
19392.0,-1.336,-1.62,9.287,3.903,4.733,-1.746,10.0,640.0,0.0,0.0
19408.0,-1.322,-1.603,9.252,3.917,4.75,-1.679,0.0,640.0,0.0,1475.0
19413.0,-1.315,-1.595,9.209,3.931,4.767,-1.689,10.0,640.0,0.0,1475.0
19417.0,-1.308,-1.586,9.139,3.938,4.776,-1.665,0.0,0.0,0.0,1475.0
19432.0,-1.301,-1.578,9.168,3.945,4.784,-1.611,5.0,640.0,0.0,1475.0
19437.0,-1.301,-1.578,9.257,3.952,4.793,-1.602,0.0,640.0,-5.0,1475.0
19452.0,-1.294,-1.569,9.235,3.973,4.818,-1.601,0.0,0.0,0.0,1475.0
19456.0,-1.28,-1.552,8.933,3.994,4.844,-1.715,0.0,640.0,0.0,1475.0
19472.0,-1.266,-1.535,8.882,4.022,4.878,-1.697,5.0,640.0,0.0,1475.0
19477.0,-1.252,-1.518,8.676,4.05,4.912,-1.8,0.0,0.0,0.0,0.0
19492.0,-1.224,-1.485,8.467,4.092,4.963,-1.799,0.0,0.0,0.0,0.0
19509.0,-1.21,-1.468,8.438,4.12,4.997,-1.764,0.0,640.0,0.0,1475.0
19514.0,-1.196,-1.451,8.243,4.141,5.022,-1.814,10.0,640.0,0.0,0.0
19518.0,-1.189,-1.442,8.203,4.155,5.039,-1.829,0.0,640.0,0.0,1475.0
19533.0,-1.189,-1.442,8.338,4.155,5.039,-1.734,5.0,640.0,0.0,1475.0
19537.0,-1.189,-1.442,8.432,4.155,5.039,-1.667,0.0,640.0,0.0,1475.0
19554.0,-1.189,-1.442,8.499,4.161,5.048,-1.635,0.0,640.0,-5.0,1475.0
19559.0,-1.182,-1.434,8.392,4.168,5.056,-1.642,0.0,0.0,0.0,0.0
19575.0,-1.175,-1.425,8.373,4.175,5.065,-1.62,0.0,0.0,0.0,1475.0
19580.0,-1.175,-1.425,8.427,4.168,5.056,-1.547,0.0,640.0,0.0,1475.0
19596.0,-1.175,-1.425,8.464,4.155,5.039,-1.508,0.0,640.0,0.0,1475.0
19601.0,-1.175,-1.425,8.491,4.155,5.039,-1.509,0.0,640.0,0.0,0.0
19616.0,-1.168,-1.417,8.424,4.155,5.039,-1.51,0.0,640.0,0.0,1475.0
19620.0,-1.133,-1.374,7.557,4.148,5.031,-1.457,0.0,640.0,0.0,1475.0
19636.0,-1.035,-1.256,6.606,4.092,4.963,-1.351,0.0,0.0,0.0,1475.0
19641.0,-0.909,-1.103,4.136,4.015,4.87,-0.917,0.0,640.0,0.0,1475.0
19656.0,-0.804,-0.976,3.608,3.945,4.785,-0.919,0.0,640.0,0.0,1475.0
19661.0,-0.692,-0.84,1.838,3.889,4.717,-0.728,0.0,0.0,0.0,0.0
19676.0,-0.525,-0.636,0.762,3.805,4.616,-0.741,0.0,640.0,0.0,1475.0
19681.0,-0.294,-0.356,-3.361,3.679,4.463,-0.155,0.0,640.0,0.0,1475.0
19696.0,-0.035,-0.042,-5.275,3.525,4.276,-0.155,0.0,0.0,0.0,0.0
19701.0,0.224,0.271,-8.579,3.357,4.072,0.546,0.0,0.0,0.0,0.0
19775.0,0.504,0.611,-8.805,3.189,3.869,0.143,0.0,0.0,0.0,1475.0
19825.0,2.574,3.122,-25.342,1.965,2.384,0.91,0.0,640.0,0.0,1475.0
19839.0,4.12,4.997,-42.641,1.091,1.323,2.558,-16.0,640.0,0.0,1475.0
19849.0,4.462,5.412,-43.832,0.895,1.086,2.313,-16.0,640.0,0.0,1475.0
19859.0,4.77,5.786,-44.904,0.72,0.874,2.094,-5.0,640.0,0.0,1475.0
19869.0,5.05,6.125,-45.921,0.539,0.653,1.983,-16.0,640.0,0.0,1475.0
19879.0,5.316,6.447,-47.038,0.343,0.416,1.97,-10.0,640.0,0.0,1475.0
19887.0,5.546,6.727,-48.311,0.126,0.153,2.21,-10.0,640.0,0.0,1475.0
19896.0,5.749,6.974,-49.046,-0.098,-0.119,2.338,-27.0,639.0,0.0,1475.0
19905.0,5.91,7.169,-49.356,-0.329,-0.399,2.478,-16.0,639.0,0.0,1475.0
19914.0,6.036,7.321,-49.387,-0.574,-0.696,2.651,-16.0,639.0,5.0,1475.0
19924.0,6.134,7.44,-49.177,-0.818,-0.993,2.72,-32.0,639.0,0.0,1475.0
19932.0,6.183,7.5,-48.621,-1.07,-1.298,3.002,-32.0,639.0,0.0,1475.0
19942.0,6.211,7.534,-47.947,-1.364,-1.655,3.18,-32.0,638.0,0.0,1475.0
19952.0,6.225,7.552,-47.331,-1.686,-2.045,3.429,-32.0,638.0,10.0,1475.0
19962.0,6.232,7.56,-46.831,-2.042,-2.478,3.753,-32.0,638.0,0.0,1475.0
19972.0,6.211,7.536,-46.092,-2.399,-2.911,4.019,-27.0,637.0,0.0,1475.0
19981.0,6.169,7.485,-45.191,-2.763,-3.352,4.385,-32.0,637.0,0.0,1475.0
19991.0,6.099,7.401,-44.094,-3.112,-3.777,4.518,-38.0,637.0,5.0,1475.0
20001.0,6.008,7.291,-42.872,-3.441,-4.176,4.58,-32.0,636.0,0.0,1475.0
20011.0,5.896,7.156,-41.512,-3.77,-4.575,4.66,-38.0,636.0,0.0,1475.0
20021.0,5.763,6.995,-40.013,-4.134,-5.017,4.867,-32.0,636.0,0.0,1475.0
20030.0,5.616,6.818,-38.352,-4.497,-5.459,5.17,-38.0,635.0,5.0,1475.0
20040.0,5.455,6.623,-36.781,-4.847,-5.884,5.258,-43.0,635.0,0.0,0.0
20081.0,5.253,6.377,-35.835,-5.197,-6.309,4.586,0.0,0.0,5.0,1475.0
20125.0,4.497,5.462,-29.821,-6.015,-7.305,4.62,-38.0,632.0,0.0,1475.0
20139.0,2.476,3.007,-5.462,-6.742,-8.19,5.674,-43.0,631.0,10.0,1475.0
20148.0,1.979,2.404,-1.596,-6.875,-8.351,5.188,-32.0,631.0,0.0,1475.0
20156.0,1.434,1.742,3.501,-7.029,-8.538,5.0,-27.0,631.0,0.0,1476.0
20165.0,0.909,1.104,7.387,-7.19,-8.733,4.847,-27.0,630.0,0.0,1476.0
20174.0,0.378,0.459,11.362,-7.323,-8.894,4.657,-16.0,630.0,0.0,1476.0
20184.0,-0.133,-0.161,14.569,-7.393,-8.979,4.288,-5.0,630.0,0.0,1476.0
20194.0,-0.636,-0.773,17.827,-7.358,-8.936,3.693,0.0,630.0,5.0,1476.0
20204.0,-1.112,-1.35,20.8,-7.225,-8.773,2.951,16.0,630.0,0.0,1476.0
20214.0,-1.539,-1.868,23.204,-6.994,-8.492,2.096,10.0,630.0,0.0,1476.0
20223.0,-1.923,-2.335,25.518,-6.714,-8.151,1.22,21.0,630.0,0.0,1476.0
20233.0,-2.329,-2.827,27.971,-6.344,-7.7,0.37,5.0,631.0,0.0,1476.0
20243.0,-2.714,-3.294,30.266,-5.973,-7.249,-0.265,16.0,631.0,0.0,1476.0
20253.0,-3.084,-3.743,32.507,-5.623,-6.824,-0.682,16.0,631.0,0.0,1476.0
20262.0,-3.441,-4.175,34.969,-5.295,-6.424,-1.049,10.0,631.0,0.0,1476.0
20272.0,-3.77,-4.574,36.775,-4.994,-6.059,-1.143,10.0,631.0,0.0,1476.0
20282.0,-4.064,-4.93,38.247,-4.721,-5.727,-1.149,5.0,631.0,0.0,1476.0
20292.0,-4.336,-5.26,39.612,-4.476,-5.43,-1.092,16.0,631.0,0.0,1476.0
20301.0,-4.567,-5.54,40.738,-4.245,-5.149,-1.108,10.0,631.0,0.0,1476.0
20311.0,-4.77,-5.785,41.436,-4.015,-4.869,-1.068,21.0,631.0,0.0,1476.0
20321.0,-4.903,-5.946,41.351,-3.798,-4.606,-1.02,21.0,632.0,0.0,1476.0
20330.0,-4.987,-6.048,40.935,-3.588,-4.351,-1.055,16.0,632.0,0.0,1476.0
20340.0,-5.043,-6.116,40.353,-3.378,-4.097,-1.034,16.0,632.0,0.0,1476.0
20350.0,-5.071,-6.15,39.662,-3.14,-3.808,-1.134,27.0,632.0,0.0,1476.0
20360.0,-5.085,-6.166,39.034,-2.889,-3.503,-1.276,27.0,633.0,0.0,1476.0
20370.0,-5.099,-6.183,38.625,-2.574,-3.121,-1.609,32.0,633.0,0.0,1476.0
20379.0,-5.092,-6.175,38.06,-2.231,-2.706,-2.078,38.0,633.0,0.0,1476.0
20387.0,-5.071,-6.149,37.41,-1.846,-2.239,-2.751,43.0,634.0,0.0,1476.0
20408.0,-5.022,-6.09,36.731,-1.42,-1.722,-2.47,0.0,0.0,0.0,0.0
20413.0,-4.945,-5.997,34.997,-0.993,-1.204,-4.213,0.0,0.0,0.0,0.0
20418.0,-4.84,-5.87,33.005,-0.615,-0.746,-5.176,32.0,634.0,0.0,1476.0
20432.0,-4.672,-5.666,31.578,-0.273,-0.331,-4.393,38.0,635.0,0.0,0.0
20437.0,-4.504,-5.463,28.64,0.007,0.008,-4.733,0.0,0.0,0.0,1476.0
20452.0,-4.343,-5.268,27.931,0.308,0.373,-4.022,38.0,635.0,0.0,1476.0
20468.0,-4.189,-5.081,27.217,0.581,0.704,-3.445,32.0,636.0,0.0,0.0
20473.0,-4.036,-4.895,24.841,0.846,1.027,-4.119,0.0,0.0,0.0,1476.0
20477.0,-3.917,-4.751,23.174,1.063,1.29,-4.633,16.0,636.0,0.0,1476.0
20493.0,-3.798,-4.607,23.37,1.252,1.519,-3.771,16.0,636.0,0.0,1476.0
20497.0,-3.714,-4.505,22.513,1.399,1.697,-3.899,16.0,636.0,0.0,0.0
20514.0,-3.63,-4.403,22.898,1.553,1.883,-3.202,5.0,637.0,0.0,1476.0
20519.0,-3.539,-4.293,21.971,1.707,2.07,-3.363,16.0,637.0,0.0,1476.0
20536.0,-3.455,-4.191,22.138,1.853,2.248,-2.845,0.0,0.0,0.0,1476.0
20541.0,-3.371,-4.09,21.211,2.0,2.427,-3.103,10.0,637.0,0.0,1476.0
20556.0,-3.287,-3.988,21.193,2.14,2.597,-2.713,10.0,638.0,0.0,1476.0
20561.0,-3.21,-3.895,20.335,2.294,2.783,-3.085,0.0,0.0,0.0,0.0
20577.0,-3.126,-3.793,20.254,2.455,2.978,-2.762,0.0,0.0,0.0,1476.0
20581.0,-3.049,-3.7,19.049,2.588,3.14,-3.218,16.0,638.0,0.0,0.0
20596.0,-2.979,-3.615,19.147,2.7,3.276,-2.793,10.0,638.0,0.0,1476.0
20602.0,-2.938,-3.564,19.095,2.777,3.369,-2.652,10.0,638.0,0.0,0.0
20617.0,-2.903,-3.522,19.359,2.826,3.429,-2.272,0.0,638.0,0.0,1476.0
20622.0,-2.882,-3.497,19.433,2.854,3.463,-2.072,5.0,638.0,0.0,1476.0
20627.0,-2.868,-3.48,19.591,2.868,3.48,-1.849,0.0,0.0,0.0,1476.0
20642.0,-2.854,-3.463,19.807,2.882,3.497,-1.64,0.0,638.0,0.0,1476.0
20657.0,-2.833,-3.437,19.843,2.903,3.522,-1.511,0.0,638.0,0.0,1476.0
20662.0,-2.805,-3.403,19.466,2.938,3.564,-1.591,0.0,638.0,0.0,1476.0
20677.0,-2.728,-3.31,18.819,2.979,3.615,-1.531,16.0,639.0,0.0,0.0
20682.0,-2.588,-3.14,16.077,3.028,3.675,-1.701,0.0,0.0,0.0,1476.0
20697.0,-2.434,-2.954,15.041,3.091,3.752,-1.667,5.0,639.0,0.0,0.0
20702.0,-2.28,-2.767,12.487,3.154,3.828,-1.895,0.0,0.0,0.0,1476.0
20707.0,-2.154,-2.614,10.973,3.224,3.913,-2.104,21.0,639.0,0.0,0.0
20721.0,-2.035,-2.47,10.903,3.308,4.015,-2.031,0.0,0.0,0.0,1476.0
20736.0,-1.937,-2.351,10.891,3.399,4.126,-1.993,0.0,0.0,0.0,0.0
20741.0,-1.846,-2.241,9.871,3.483,4.227,-2.286,0.0,0.0,0.0,0.0
20756.0,-1.749,-2.122,9.755,3.532,4.287,-2.094,5.0,639.0,0.0,1476.0
20761.0,-1.644,-1.995,8.357,3.539,4.296,-1.895,10.0,639.0,0.0,0.0
20776.0,-1.546,-1.876,8.253,3.525,4.279,-1.681,0.0,640.0,0.0,1476.0
20781.0,-1.462,-1.774,7.321,3.49,4.236,-1.346,10.0,640.0,0.0,0.0
20797.0,-1.399,-1.698,7.573,3.448,4.185,-1.232,0.0,640.0,0.0,1476.0
20802.0,-1.35,-1.638,7.288,3.413,4.143,-1.022,0.0,640.0,0.0,1476.0
20817.0,-1.315,-1.596,7.626,3.392,4.117,-1.04,0.0,0.0,0.0,1476.0
20822.0,-1.294,-1.57,7.752,3.371,4.092,-0.968,0.0,640.0,0.0,1476.0
20827.0,-1.273,-1.545,7.795,3.357,4.075,-0.959,0.0,640.0,0.0,1476.0
20842.0,-1.231,-1.494,7.728,3.336,4.049,-0.99,0.0,640.0,0.0,0.0
20857.0,-1.189,-1.443,7.59,3.315,4.024,-1.009,0.0,0.0,0.0,1476.0
20861.0,-1.14,-1.384,6.662,3.301,4.007,-0.961,0.0,640.0,0.0,1476.0
20877.0,-1.098,-1.333,6.657,3.308,4.015,-1.049,0.0,640.0,0.0,1476.0
20882.0,-1.063,-1.29,6.296,3.315,4.024,-1.139,0.0,0.0,0.0,0.0
20903.0,-1.035,-1.256,6.429,3.329,4.041,-1.184,0.0,640.0,0.0,1475.0
20907.0,-1.0,-1.214,5.871,3.329,4.041,-1.193,16.0,640.0,0.0,1475.0
20912.0,-0.972,-1.18,5.684,3.329,4.041,-1.199,0.0,640.0,0.0,1475.0
20927.0,-0.951,-1.155,5.848,3.329,4.041,-1.203,5.0,640.0,0.0,1475.0
20931.0,-0.944,-1.146,5.994,3.343,4.058,-1.313,0.0,640.0,0.0,0.0
20947.0,-0.944,-1.146,6.259,3.357,4.075,-1.315,0.0,0.0,-5.0,1475.0
20952.0,-0.944,-1.146,6.444,3.364,4.084,-1.33,0.0,640.0,0.0,1475.0
20967.0,-0.944,-1.146,6.574,3.371,4.092,-1.315,0.0,640.0,0.0,1475.0
20972.0,-0.951,-1.155,6.817,3.364,4.084,-1.245,0.0,640.0,0.0,1475.0
20987.0,-0.958,-1.163,6.935,3.357,4.075,-1.223,0.0,0.0,0.0,1475.0
20992.0,-0.965,-1.172,7.101,3.357,4.075,-1.222,0.0,640.0,0.0,1475.0
21008.0,-0.972,-1.18,7.162,3.364,4.083,-1.238,0.0,640.0,0.0,1475.0
21013.0,-0.972,-1.18,7.137,3.371,4.092,-1.277,0.0,640.0,0.0,0.0
21017.0,-0.958,-1.163,6.764,3.378,4.1,-1.316,0.0,640.0,0.0,1475.0
21033.0,-0.951,-1.155,6.746,3.399,4.126,-1.336,0.0,640.0,0.0,0.0
21037.0,-0.944,-1.146,6.622,3.42,4.151,-1.467,0.0,640.0,0.0,1475.0
21053.0,-0.93,-1.129,6.533,3.448,4.185,-1.462,0.0,0.0,0.0,0.0
21057.0,-0.916,-1.112,6.249,3.476,4.219,-1.614,0.0,640.0,0.0,1475.0
21074.0,-0.895,-1.087,6.133,3.511,4.262,-1.582,0.0,640.0,0.0,1475.0
21081.0,-0.881,-1.07,6.002,3.546,4.304,-1.65,0.0,640.0,0.0,1475.0
21087.0,-0.867,-1.053,5.856,3.581,4.347,-1.725,0.0,640.0,0.0,1475.0
21108.0,-0.853,-1.036,5.844,3.602,4.372,-1.636,0.0,0.0,0.0,0.0
21113.0,-0.839,-1.019,5.649,3.623,4.398,-1.668,0.0,0.0,0.0,0.0
21117.0,-0.825,-1.002,5.432,3.644,4.423,-1.725,0.0,640.0,0.0,1475.0
21134.0,-0.811,-0.985,5.444,3.658,4.441,-1.635,5.0,640.0,0.0,1475.0
21138.0,-0.804,-0.976,5.405,3.665,4.449,-1.597,0.0,640.0,0.0,0.0
21155.0,-0.804,-0.976,5.541,3.672,4.458,-1.533,0.0,0.0,0.0,1475.0
21159.0,-0.797,-0.968,5.458,3.679,4.466,-1.528,0.0,640.0,0.0,1475.0
21176.0,-0.79,-0.959,5.482,3.679,4.466,-1.471,0.0,640.0,0.0,1475.0
21181.0,-0.79,-0.959,5.564,3.679,4.466,-1.432,0.0,0.0,0.0,1475.0
21196.0,-0.79,-0.959,5.622,3.686,4.474,-1.42,0.0,640.0,0.0,1475.0
21201.0,-0.79,-0.959,5.663,3.693,4.483,-1.441,0.0,640.0,0.0,0.0
21217.0,-0.783,-0.951,5.608,3.693,4.483,-1.412,0.0,0.0,0.0,1475.0
21221.0,-0.783,-0.951,5.638,3.7,4.492,-1.446,0.0,640.0,0.0,1475.0
21237.0,-0.783,-0.951,5.658,3.707,4.5,-1.432,0.0,640.0,0.0,1475.0
21242.0,-0.776,-0.942,5.52,3.707,4.5,-1.408,0.0,640.0,0.0,1475.0
21257.0,-0.776,-0.942,5.561,3.714,4.509,-1.407,0.0,0.0,0.0,1475.0
21262.0,-0.769,-0.934,5.437,3.728,4.526,-1.478,0.0,0.0,0.0,1475.0
21277.0,-0.762,-0.926,5.402,3.735,4.534,-1.458,5.0,640.0,0.0,0.0
21282.0,-0.762,-0.926,5.447,3.742,4.543,-1.472,0.0,0.0,0.0,0.0
21287.0,-0.755,-0.917,5.326,3.742,4.543,-1.439,5.0,640.0,0.0,1475.0
21302.0,-0.748,-0.909,5.294,3.749,4.551,-1.432,0.0,640.0,0.0,1475.0
21318.0,-0.741,-0.9,5.259,3.756,4.56,-1.428,0.0,0.0,0.0,0.0
21323.0,-0.734,-0.892,5.149,3.77,4.577,-1.497,0.0,640.0,0.0,1475.0
21328.0,-0.72,-0.875,4.904,3.791,4.602,-1.59,10.0,640.0,0.0,1475.0
21343.0,-0.713,-0.866,4.922,3.805,4.619,-1.56,0.0,0.0,0.0,0.0
21347.0,-0.713,-0.866,5.004,3.812,4.628,-1.561,0.0,640.0,0.0,1475.0
21363.0,-0.706,-0.858,4.98,3.826,4.645,-1.54,0.0,0.0,0.0,0.0
21368.0,-0.699,-0.849,4.877,3.84,4.662,-1.583,5.0,640.0,-5.0,1475.0
21384.0,-0.685,-0.832,4.777,3.854,4.679,-1.558,0.0,0.0,0.0,1475.0
21389.0,-0.678,-0.824,4.689,3.868,4.696,-1.599,16.0,640.0,0.0,1475.0
21406.0,-0.671,-0.815,4.684,3.889,4.722,-1.586,0.0,640.0,0.0,1475.0
21411.0,-0.664,-0.807,4.594,3.896,4.73,-1.578,0.0,0.0,0.0,0.0
21426.0,-0.657,-0.798,4.583,3.903,4.739,-1.547,0.0,640.0,0.0,1475.0
21431.0,-0.657,-0.798,4.645,3.91,4.747,-1.553,0.0,640.0,0.0,1475.0
21446.0,-0.657,-0.798,4.689,3.917,4.756,-1.53,0.0,640.0,0.0,1475.0
21451.0,-0.65,-0.79,4.566,3.924,4.764,-1.543,0.0,0.0,0.0,0.0
21467.0,-0.65,-0.79,4.618,3.931,4.773,-1.524,0.0,0.0,0.0,1475.0
21471.0,-0.643,-0.781,4.476,3.938,4.781,-1.55,10.0,640.0,0.0,1475.0
21487.0,-0.636,-0.773,4.457,3.945,4.79,-1.531,0.0,640.0,0.0,1475.0
21492.0,-0.636,-0.773,4.511,3.952,4.798,-1.546,0.0,640.0,0.0,1475.0
21507.0,-0.636,-0.773,4.549,3.952,4.798,-1.514,0.0,0.0,0.0,1475.0
21512.0,-0.629,-0.764,4.422,3.966,4.815,-1.578,0.0,640.0,0.0,1475.0
21527.0,-0.622,-0.756,4.386,3.973,4.824,-1.554,0.0,640.0,0.0,1475.0
21533.0,-0.622,-0.756,4.431,3.98,4.832,-1.559,0.0,640.0,0.0,0.0
21548.0,-0.615,-0.747,4.377,3.994,4.849,-1.558,0.0,640.0,0.0,1475.0
21553.0,-0.615,-0.747,4.409,3.994,4.849,-1.527,0.0,640.0,0.0,1475.0
21569.0,-0.615,-0.747,4.432,4.001,4.858,-1.521,0.0,0.0,-5.0,1475.0
21574.0,-0.615,-0.747,4.447,4.008,4.866,-1.545,0.0,640.0,0.0,1475.0
21578.0,-0.608,-0.739,4.28,4.008,4.866,-1.519,0.0,640.0,0.0,1475.0
21594.0,-0.608,-0.739,4.326,4.022,4.883,-1.532,0.0,640.0,0.0,1475.0
21598.0,-0.601,-0.73,4.18,4.029,4.892,-1.565,0.0,640.0,0.0,1475.0
21615.0,-0.588,-0.713,4.079,4.043,4.909,-1.565,0.0,640.0,0.0,1475.0
21620.0,-0.581,-0.705,3.986,4.064,4.934,-1.668,0.0,640.0,0.0,1475.0
21636.0,-0.574,-0.696,3.977,4.078,4.951,-1.642,0.0,641.0,0.0,1475.0
21641.0,-0.567,-0.688,3.884,4.092,4.968,-1.682,0.0,0.0,0.0,1475.0
21656.0,-0.56,-0.679,3.872,4.099,4.977,-1.641,0.0,641.0,0.0,0.0
21661.0,-0.553,-0.671,3.781,4.106,4.985,-1.64,0.0,0.0,0.0,1475.0
21677.0,-0.546,-0.662,3.771,4.12,5.002,-1.627,0.0,641.0,-5.0,1475.0
21681.0,-0.539,-0.654,3.654,4.134,5.019,-1.697,0.0,0.0,0.0,0.0
21696.0,-0.532,-0.645,3.65,4.148,5.036,-1.672,0.0,641.0,0.0,1475.0
21702.0,-0.532,-0.645,3.717,4.161,5.053,-1.697,0.0,641.0,0.0,1475.0
21717.0,-0.525,-0.637,3.679,4.175,5.07,-1.675,0.0,641.0,0.0,1475.0
21722.0,-0.518,-0.628,3.569,4.182,5.079,-1.672,0.0,0.0,0.0,0.0
21737.0,-0.511,-0.62,3.544,4.196,5.096,-1.66,0.0,641.0,0.0,1475.0
21742.0,-0.504,-0.611,3.444,4.21,5.113,-1.707,0.0,0.0,0.0,1475.0
21757.0,-0.497,-0.603,3.427,4.224,5.13,-1.688,0.0,641.0,0.0,0.0
21763.0,-0.49,-0.595,3.348,4.231,5.138,-1.68,0.0,0.0,0.0,0.0
21778.0,-0.483,-0.586,3.329,4.245,5.155,-1.67,0.0,641.0,0.0,1475.0
21782.0,-0.476,-0.578,3.207,4.259,5.172,-1.74,0.0,641.0,0.0,1475.0
21798.0,-0.469,-0.569,3.201,4.273,5.189,-1.714,0.0,0.0,0.0,1475.0
21803.0,-0.455,-0.552,2.96,4.294,5.215,-1.797,0.0,641.0,0.0,0.0
21818.0,-0.448,-0.544,2.98,4.308,5.232,-1.759,0.0,641.0,0.0,1475.0
21823.0,-0.441,-0.535,2.912,4.322,5.249,-1.789,0.0,641.0,0.0,1475.0
21838.0,-0.434,-0.527,2.917,4.336,5.266,-1.757,0.0,0.0,-5.0,1475.0
21843.0,-0.427,-0.518,2.837,4.357,5.291,-1.834,5.0,641.0,0.0,1475.0
21848.0,-0.413,-0.501,2.612,4.378,5.317,-1.89,0.0,641.0,0.0,1475.0
21864.0,-0.406,-0.493,2.648,4.399,5.342,-1.847,5.0,641.0,0.0,0.0
21868.0,-0.392,-0.476,2.383,4.413,5.359,-1.881,10.0,641.0,0.0,1475.0
21884.0,-0.385,-0.467,2.442,4.434,5.385,-1.845,0.0,641.0,0.0,1475.0
21889.0,-0.371,-0.45,2.244,4.462,5.419,-1.949,5.0,641.0,0.0,1475.0
21905.0,-0.35,-0.425,2.133,4.49,5.453,-1.914,0.0,0.0,0.0,1475.0
21910.0,-0.336,-0.408,1.952,4.518,5.487,-2.004,5.0,641.0,0.0,1475.0
21926.0,-0.322,-0.391,1.934,4.553,5.529,-1.973,0.0,641.0,0.0,1475.0
21931.0,-0.301,-0.365,1.599,4.581,5.563,-2.052,5.0,641.0,0.0,1475.0
21946.0,-0.287,-0.348,1.607,4.609,5.597,-2.002,0.0,0.0,0.0,1475.0
21951.0,-0.273,-0.331,1.446,4.637,5.631,-2.079,0.0,641.0,0.0,1475.0
21967.0,-0.252,-0.306,1.36,4.665,5.665,-2.023,0.0,641.0,0.0,1475.0
21972.0,-0.238,-0.289,1.197,4.693,5.699,-2.099,0.0,641.0,0.0,1475.0
21987.0,-0.224,-0.272,1.188,4.721,5.733,-2.047,0.0,0.0,0.0,1475.0
21992.0,-0.21,-0.255,1.015,4.742,5.759,-2.079,5.0,641.0,0.0,1475.0
22008.0,-0.196,-0.238,1.003,4.763,5.784,-2.019,5.0,641.0,0.0,1475.0
22013.0,-0.182,-0.221,0.825,4.791,5.818,-2.107,0.0,641.0,0.0,1475.0
22029.0,-0.175,-0.212,0.892,4.805,5.835,-2.03,0.0,641.0,0.0,1475.0
22034.0,-0.161,-0.195,0.701,4.826,5.861,-2.076,0.0,0.0,0.0,0.0
22038.0,-0.147,-0.178,0.485,4.847,5.886,-2.141,0.0,641.0,0.0,1475.0
22055.0,-0.14,-0.17,0.58,4.861,5.903,-2.058,0.0,641.0,0.0,1475.0
22058.0,-0.133,-0.161,0.491,4.875,5.92,-2.113,5.0,641.0,0.0,1475.0
22075.0,-0.133,-0.161,0.634,4.882,5.929,-2.026,0.0,0.0,0.0,1475.0
22079.0,-0.126,-0.153,0.556,4.889,5.937,-2.005,0.0,641.0,0.0,1475.0
22095.0,-0.126,-0.153,0.664,4.889,5.937,-1.938,0.0,641.0,0.0,1475.0
22100.0,-0.119,-0.144,0.587,4.896,5.946,-1.934,0.0,641.0,0.0,1475.0
22116.0,-0.119,-0.144,0.671,4.903,5.954,-1.904,0.0,0.0,0.0,1475.0
22121.0,-0.119,-0.144,0.73,4.903,5.954,-1.869,0.0,641.0,0.0,1475.0
22137.0,-0.119,-0.144,0.771,4.903,5.954,-1.844,0.0,641.0,0.0,1475.0
22141.0,-0.119,-0.144,0.799,4.903,5.954,-1.827,0.0,641.0,0.0,1475.0
22157.0,-0.119,-0.144,0.819,4.91,5.963,-1.83,0.0,0.0,0.0,1475.0
22162.0,-0.119,-0.144,0.834,4.917,5.971,-1.861,0.0,641.0,0.0,1475.0
22177.0,-0.112,-0.136,0.758,4.917,5.971,-1.84,0.0,641.0,0.0,1475.0
22182.0,-0.112,-0.136,0.776,4.924,5.98,-1.869,0.0,0.0,0.0,0.0
22197.0,-0.112,-0.136,0.788,4.924,5.98,-1.846,0.0,641.0,0.0,1475.0
22202.0,-0.112,-0.136,0.796,4.924,5.98,-1.831,0.0,641.0,0.0,1475.0
22208.0,-0.112,-0.136,0.802,4.924,5.98,-1.82,0.0,641.0,0.0,1475.0
22227.0,-0.105,-0.127,0.728,4.931,5.988,-1.826,0.0,641.0,0.0,0.0
22232.0,-0.105,-0.127,0.739,4.938,5.997,-1.86,0.0,0.0,0.0,0.0
22247.0,-0.105,-0.127,0.747,4.938,5.997,-1.842,0.0,641.0,0.0,1475.0
22252.0,-0.105,-0.127,0.752,4.938,5.997,-1.829,0.0,0.0,0.0,1475.0
22267.0,-0.105,-0.127,0.756,4.945,6.005,-1.836,0.0,641.0,0.0,1475.0
22272.0,-0.105,-0.127,0.758,4.945,6.005,-1.826,0.0,0.0,0.0,0.0
22287.0,-0.105,-0.127,0.76,4.945,6.005,-1.819,0.0,642.0,0.0,0.0
22292.0,-0.098,-0.119,0.609,4.945,6.005,-1.813,0.0,0.0,0.0,1475.0
22308.0,-0.098,-0.119,0.64,4.952,6.014,-1.825,0.0,642.0,0.0,1475.0
22313.0,-0.098,-0.119,0.662,4.952,6.014,-1.819,0.0,0.0,0.0,0.0
22328.0,-0.098,-0.119,0.678,4.952,6.014,-1.814,0.0,642.0,0.0,1475.0
22333.0,-0.091,-0.11,0.535,4.952,6.014,-1.811,0.0,642.0,0.0,1475.0
22350.0,-0.091,-0.11,0.574,4.952,6.014,-1.809,0.0,642.0,0.0,1475.0
22355.0,-0.091,-0.11,0.6,4.952,6.014,-1.807,0.0,642.0,0.0,0.0
22358.0,-0.084,-0.102,0.398,4.959,6.022,-1.878,0.0,0.0,-5.0,1475.0
22375.0,-0.084,-0.102,0.462,4.966,6.031,-1.871,0.0,642.0,0.0,1475.0
22379.0,-0.084,-0.102,0.507,4.966,6.031,-1.853,5.0,642.0,0.0,1475.0
22395.0,-0.077,-0.093,-0.455,4.966,6.031,-1.84,0.0,0.0,0.0,1475.0
22399.0,-0.077,-0.093,-0.319,4.973,6.039,-1.884,0.0,642.0,-5.0,1475.0
22416.0,-0.077,-0.093,-0.223,4.973,6.039,-1.862,0.0,642.0,0.0,1475.0
22421.0,-0.077,-0.093,-0.156,4.973,6.039,-1.847,0.0,642.0,0.0,1475.0
22437.0,-0.077,-0.093,-0.109,4.973,6.039,-1.837,0.0,642.0,0.0,1475.0
22442.0,-0.07,-0.085,-0.077,4.973,6.039,-1.829,0.0,642.0,0.0,0.0
22457.0,-0.07,-0.085,-0.054,4.973,6.039,-1.824,0.0,642.0,0.0,1475.0
22461.0,-0.07,-0.085,-0.038,4.973,6.039,-1.82,0.0,642.0,0.0,1475.0
22477.0,-0.07,-0.085,-0.026,4.98,6.048,-1.833,0.0,0.0,0.0,1475.0
22482.0,-0.07,-0.085,-0.018,4.98,6.048,-1.827,0.0,642.0,0.0,1475.0
22497.0,-0.07,-0.085,-0.013,4.98,6.048,-1.824,0.0,642.0,0.0,1475.0
22502.0,-0.07,-0.085,-0.009,4.98,6.048,-1.821,0.0,0.0,0.0,0.0
22517.0,-0.07,-0.085,-0.006,4.987,6.056,-1.835,0.0,642.0,0.0,1475.0
22522.0,-0.07,-0.085,-0.004,4.987,6.056,-1.83,0.0,642.0,0.0,0.0
22537.0,-0.07,-0.085,-0.003,4.98,6.048,-1.81,0.0,642.0,0.0,1475.0
22542.0,-0.07,-0.085,-0.002,4.98,6.048,-1.811,0.0,642.0,0.0,0.0
22558.0,-0.07,-0.085,-0.002,4.98,6.048,-1.812,0.0,642.0,0.0,1475.0
22563.0,-0.07,-0.085,-0.001,4.987,6.056,-1.856,0.0,642.0,0.0,1475.0
22578.0,-0.063,-0.076,-0.001,4.987,6.056,-1.844,0.0,0.0,0.0,1475.0
22583.0,-0.063,-0.076,-0.001,4.987,6.056,-1.836,0.0,642.0,0.0,1475.0
22598.0,-0.063,-0.076,-0.0,4.987,6.056,-1.83,0.0,642.0,0.0,1475.0
22603.0,-0.063,-0.076,-0.0,4.987,6.056,-1.826,0.0,642.0,0.0,0.0
22608.0,-0.063,-0.076,-0.0,4.994,6.065,-1.867,0.0,642.0,0.0,1475.0
22623.0,-0.063,-0.076,-0.0,4.994,6.065,-1.853,0.0,642.0,0.0,0.0
22638.0,-0.063,-0.076,-0.0,4.994,6.065,-1.843,0.0,0.0,0.0,1475.0
22643.0,-0.063,-0.076,-0.0,4.994,6.065,-1.836,0.0,0.0,0.0,1475.0
22648.0,-0.07,-0.085,-0.0,4.994,6.065,-1.831,0.0,642.0,0.0,1475.0
22663.0,-0.07,-0.085,-0.0,4.994,6.065,-1.827,0.0,0.0,0.0,0.0
22668.0,-0.07,-0.085,-0.0,4.994,6.065,-1.825,0.0,642.0,0.0,0.0
22684.0,-0.063,-0.076,-0.0,4.994,6.065,-1.823,0.0,0.0,0.0,1475.0
22688.0,-0.063,-0.076,-0.0,5.001,6.073,-1.876,0.0,0.0,-5.0,1475.0
22705.0,-0.063,-0.076,-0.0,5.001,6.073,-1.86,0.0,642.0,-10.0,1475.0
22710.0,-0.063,-0.076,-0.0,5.001,6.073,-1.848,0.0,642.0,0.0,0.0
22727.0,-0.063,-0.076,-0.0,4.994,6.065,-1.826,0.0,0.0,0.0,1475.0
22732.0,-0.063,-0.076,-0.0,5.001,6.074,-1.868,0.0,642.0,0.0,1475.0
22747.0,-0.063,-0.076,-0.0,5.001,6.074,-1.854,0.0,642.0,-10.0,1475.0
22752.0,-0.063,-0.076,-0.0,5.001,6.074,-1.844,0.0,642.0,0.0,1475.0
22768.0,-0.063,-0.076,-0.0,5.001,6.074,-1.838,0.0,642.0,-5.0,1475.0
22773.0,-0.063,-0.076,-0.0,5.001,6.074,-1.833,0.0,0.0,0.0,1475.0
22788.0,-0.063,-0.076,-0.0,5.001,6.074,-1.83,0.0,642.0,0.0,1475.0
22793.0,-0.063,-0.076,-0.0,5.001,6.074,-1.827,0.0,642.0,0.0,0.0
22810.0,-0.063,-0.076,-0.0,5.001,6.074,-1.826,0.0,642.0,0.0,1474.0
22815.0,-0.063,-0.076,-0.0,5.001,6.074,-1.825,0.0,642.0,-10.0,1474.0
22819.0,-0.063,-0.076,-0.0,5.008,6.082,-1.877,0.0,0.0,-16.0,1474.0
22835.0,-0.063,-0.076,-0.0,5.008,6.082,-1.862,0.0,642.0,0.0,1474.0
22839.0,-0.063,-0.076,-0.0,5.008,6.082,-1.851,0.0,642.0,-16.0,1474.0
22856.0,-0.063,-0.076,-0.0,5.001,6.074,-1.828,0.0,642.0,-16.0,1474.0
22862.0,-0.063,-0.076,-0.0,5.001,6.074,-1.827,0.0,642.0,0.0,1474.0
22877.0,-0.063,-0.076,-0.0,5.001,6.074,-1.825,0.0,642.0,-5.0,1474.0
22882.0,-0.056,-0.068,-0.0,5.001,6.074,-1.824,0.0,642.0,-5.0,1474.0
22903.0,-0.056,-0.068,-0.0,5.008,6.082,-1.836,0.0,0.0,-10.0,1474.0
22907.0,-0.056,-0.068,-0.0,5.008,6.082,-1.833,0.0,642.0,0.0,1474.0
22912.0,-0.056,-0.068,-0.0,5.008,6.082,-1.83,0.0,642.0,0.0,1474.0
22927.0,-0.056,-0.068,-0.0,5.008,6.082,-1.829,0.0,642.0,0.0,1474.0
22932.0,-0.056,-0.068,-0.0,5.008,6.082,-1.827,0.0,642.0,0.0,1474.0
22948.0,-0.056,-0.068,-0.0,5.008,6.082,-1.826,0.0,642.0,0.0,1474.0
22953.0,-0.056,-0.068,-0.0,5.008,6.082,-1.826,0.0,642.0,0.0,1474.0
22968.0,-0.056,-0.068,-0.0,5.008,6.082,-1.825,0.0,642.0,0.0,0.0
22973.0,-0.056,-0.068,-0.0,5.008,6.082,-1.825,0.0,0.0,0.0,1474.0
22989.0,-0.056,-0.068,-0.0,5.008,6.082,-1.825,0.0,642.0,0.0,1474.0
22993.0,-0.056,-0.068,-0.0,5.008,6.082,-1.825,0.0,0.0,0.0,0.0
23008.0,-0.049,-0.059,-0.0,5.008,6.082,-1.825,0.0,0.0,0.0,1474.0
23014.0,-0.049,-0.059,-0.0,5.015,6.091,-1.861,0.0,642.0,0.0,1474.0
23018.0,-0.049,-0.059,-0.0,5.015,6.091,-1.851,0.0,642.0,0.0,1474.0
23033.0,-0.049,-0.059,-0.0,5.015,6.091,-1.844,0.0,642.0,0.0,1474.0
23038.0,-0.049,-0.059,-0.0,5.015,6.091,-1.839,0.0,0.0,0.0,1474.0
23054.0,-0.049,-0.059,-0.0,5.015,6.091,-1.835,0.0,642.0,0.0,1474.0
23058.0,-0.049,-0.059,-0.0,5.015,6.091,-1.833,0.0,642.0,0.0,1474.0
23075.0,-0.049,-0.059,-0.0,5.015,6.091,-1.831,0.0,0.0,-10.0,1474.0
23079.0,-0.049,-0.059,-0.0,5.015,6.091,-1.83,0.0,642.0,0.0,1474.0
23096.0,-0.049,-0.059,-0.0,5.015,6.091,-1.829,0.0,642.0,0.0,1474.0
23100.0,-0.042,-0.051,-0.0,5.015,6.091,-1.829,0.0,642.0,0.0,1474.0
23117.0,-0.042,-0.051,-0.0,5.015,6.091,-1.828,0.0,0.0,0.0,1474.0
23122.0,-0.042,-0.051,-0.0,5.008,6.082,-1.785,0.0,642.0,0.0,1474.0
23137.0,-0.042,-0.051,-0.0,5.008,6.082,-1.797,0.0,642.0,0.0,1474.0
23143.0,-0.042,-0.051,-0.0,5.008,6.082,-1.805,0.0,642.0,0.0,0.0
23158.0,-0.042,-0.051,-0.0,5.015,6.091,-1.827,0.0,642.0,0.0,1474.0
23163.0,-0.042,-0.051,-0.0,5.008,6.082,-1.784,0.0,0.0,0.0,0.0
23178.0,-0.042,-0.051,-0.0,5.008,6.082,-1.796,0.0,642.0,0.0,1474.0
23183.0,-0.042,-0.051,-0.0,5.008,6.082,-1.805,0.0,642.0,0.0,0.0
23188.0,-0.042,-0.051,-0.0,5.008,6.082,-1.811,0.0,0.0,0.0,1474.0
23203.0,-0.042,-0.051,-0.0,5.008,6.082,-1.815,0.0,642.0,0.0,1474.0
23218.0,-0.042,-0.051,-0.0,5.015,6.091,-1.834,0.0,642.0,0.0,1474.0
23223.0,-0.042,-0.051,-0.0,5.015,6.091,-1.832,0.0,642.0,0.0,1474.0
23239.0,-0.042,-0.051,-0.0,5.015,6.091,-1.831,0.0,0.0,0.0,1474.0
23243.0,-0.042,-0.051,-0.0,5.015,6.091,-1.83,0.0,642.0,0.0,1474.0
23248.0,-0.042,-0.051,-0.0,5.015,6.091,-1.829,0.0,642.0,0.0,1474.0
23263.0,-0.042,-0.051,-0.0,5.015,6.091,-1.828,0.0,642.0,0.0,1474.0
23279.0,-0.042,-0.051,-0.0,5.022,6.099,-1.843,0.0,0.0,0.0,0.0
23284.0,-0.042,-0.051,-0.0,5.022,6.099,-1.839,0.0,642.0,-16.0,1474.0
23288.0,-0.042,-0.051,-0.0,5.022,6.099,-1.836,0.0,642.0,0.0,1474.0
23304.0,-0.042,-0.051,-0.0,5.022,6.099,-1.834,0.0,642.0,0.0,1474.0
23308.0,-0.042,-0.051,-0.0,5.022,6.099,-1.833,0.0,0.0,0.0,1474.0
23323.0,-0.042,-0.051,-0.0,5.022,6.099,-1.832,0.0,642.0,0.0,1474.0
23328.0,-0.042,-0.051,-0.0,5.029,6.108,-1.875,0.0,642.0,-5.0,1474.0
23343.0,-0.042,-0.051,-0.0,5.029,6.108,-1.862,0.0,642.0,0.0,1474.0
23358.0,-0.042,-0.051,-0.0,5.029,6.108,-1.853,0.0,0.0,-5.0,1474.0
23363.0,-0.042,-0.051,-0.0,5.029,6.108,-1.847,0.0,642.0,0.0,1474.0
23379.0,-0.042,-0.051,-0.0,5.029,6.108,-1.843,0.0,642.0,0.0,1474.0
23383.0,-0.042,-0.051,-0.0,5.029,6.108,-1.839,0.0,0.0,0.0,0.0
23398.0,-0.042,-0.051,-0.0,5.029,6.108,-1.837,0.0,642.0,0.0,1474.0
23403.0,-0.042,-0.051,-0.0,5.029,6.108,-1.836,0.0,642.0,0.0,1474.0
23418.0,-0.042,-0.051,-0.0,5.029,6.108,-1.835,0.0,642.0,0.0,1474.0
23424.0,-0.042,-0.051,-0.0,5.029,6.108,-1.834,0.0,642.0,0.0,0.0
23429.0,-0.042,-0.051,-0.0,5.029,6.108,-1.834,0.0,0.0,0.0,1473.0
23445.0,-0.042,-0.051,-0.0,5.036,6.116,-1.848,0.0,642.0,0.0,1473.0
23449.0,-0.035,-0.042,-0.0,5.036,6.116,-1.844,0.0,0.0,0.0,1473.0
23466.0,-0.035,-0.042,-0.0,5.036,6.116,-1.842,0.0,642.0,0.0,1473.0
23471.0,-0.035,-0.042,-0.0,5.036,6.116,-1.84,0.0,0.0,0.0,0.0
23487.0,-0.035,-0.042,-0.0,5.036,6.116,-1.838,0.0,642.0,0.0,1473.0
23491.0,-0.035,-0.042,-0.0,5.036,6.116,-1.837,0.0,0.0,0.0,1473.0
23507.0,-0.035,-0.042,-0.0,5.043,6.125,-1.852,0.0,642.0,0.0,1473.0
