time_ms,roll_raw,roll_filt,roll_cmd_dps,roll_err,pitch_raw,pitch_filt,pitch_cmd_dps,pitch_err,roll_mot_angle,roll_mot_speed,pitch_mot_angle,pitch_mot_speed
793.0,11.587,11.587,-4.0,-2.5,-1.225,-1.225,0.367,1.225,0.0,0.0,0.0,0.0
841.0,11.587,11.587,-4.0,-3.46,-1.225,-1.225,0.367,1.225,0.0,0.0,0.0,0.0
890.0,11.587,11.587,-4.0,-4.44,-1.226,-1.225,0.368,1.225,0.0,0.0,0.0,0.0
940.0,11.589,11.588,-4.0,-5.441,-1.221,-1.224,0.367,1.224,0.0,0.0,0.0,0.0
990.0,11.595,11.59,-4.0,-6.443,-1.223,-1.223,0.367,1.223,0.0,0.0,0.0,0.0
1039.0,11.602,11.594,-4.0,-7.427,-1.22,-1.223,0.366,1.223,0.0,0.0,0.0,0.0
1089.0,11.61,11.598,-4.0,-8.432,-1.217,-1.221,0.365,1.221,0.0,0.0,0.0,0.0
1139.0,11.615,11.604,-4.0,-9.437,-1.225,-1.222,0.366,1.222,0.0,0.0,0.0,0.0
1189.0,11.617,11.607,-4.0,-10.441,-1.225,-1.223,0.367,1.223,0.0,0.0,0.0,0.0
1239.0,11.619,11.611,-4.0,-11.444,-1.224,-1.223,0.367,1.223,0.0,0.0,0.0,0.0
1288.0,11.624,11.615,-4.0,-11.615,-1.227,-1.224,0.368,1.224,0.0,0.0,0.0,0.0
1338.0,11.629,11.619,-4.0,-11.619,-1.229,-1.226,0.369,1.226,0.0,0.0,0.0,0.0
1388.0,11.631,11.623,-4.0,-11.623,-1.224,-1.225,0.368,1.225,0.0,0.0,0.0,0.0
1438.0,11.628,11.624,-4.0,-11.624,-1.222,-1.224,0.367,1.224,0.0,0.0,0.0,0.0
1488.0,11.633,11.627,-4.0,-11.627,-1.222,-1.224,0.367,1.224,0.0,0.0,0.0,0.0
1537.0,11.633,11.629,-4.0,-11.629,-1.226,-1.225,0.368,1.225,0.0,0.0,0.0,0.0
1587.0,11.633,11.63,-4.0,-11.63,-1.23,-1.226,0.369,1.226,0.0,0.0,0.0,0.0
1636.0,11.635,11.632,-4.0,-11.632,-1.224,-1.225,0.368,1.225,0.0,0.0,0.0,0.0
1685.0,11.635,11.632,-4.0,-11.632,-1.226,-1.225,0.368,1.225,0.0,0.0,0.0,0.0
1732.0,11.641,11.635,-4.0,-11.635,-1.225,-1.225,0.368,1.225,0.0,0.0,0.0,0.0
1782.0,11.643,11.637,-4.0,-11.637,-1.217,-1.223,0.366,1.223,0.0,0.0,0.0,0.0
1832.0,11.643,11.639,-4.0,-11.639,-1.22,-1.222,0.365,1.222,0.0,0.0,0.0,0.0
1881.0,11.649,11.642,-4.0,-11.642,-1.218,-1.221,0.365,1.221,0.0,0.0,0.0,0.0
1931.0,11.649,11.644,-4.0,-11.644,-1.221,-1.221,0.365,1.221,0.0,0.0,0.0,0.0
1981.0,11.648,11.645,-4.0,-11.645,-1.223,-1.221,0.366,1.221,0.0,0.0,0.0,0.0
2034.0,11.648,11.646,-4.0,-11.646,-1.226,-1.223,0.367,1.223,0.0,0.0,0.0,0.0
2083.0,11.648,11.647,-4.0,-11.647,-1.228,-1.224,0.368,1.224,0.0,0.0,0.0,0.0
2132.0,11.651,11.648,-4.0,-11.648,-1.221,-1.223,0.367,1.223,0.0,0.0,0.0,0.0
2182.0,11.65,11.649,-4.0,-11.649,-1.225,-1.224,0.367,1.224,0.0,0.0,0.0,0.0
2231.0,11.649,11.649,-4.0,-11.649,-1.227,-1.225,0.368,1.225,0.0,0.0,0.0,0.0
2281.0,11.646,11.648,-4.0,-11.648,-1.223,-1.224,0.367,1.224,0.0,0.0,0.0,0.0
2331.0,11.646,11.647,-4.0,-11.647,-1.225,-1.224,0.368,1.224,0.0,0.0,0.0,0.0
2380.0,11.652,11.649,-4.0,-11.649,-1.223,-1.224,0.367,1.224,0.0,0.0,0.0,0.0
2430.0,11.651,11.649,-4.0,-11.649,-1.225,-1.224,0.367,1.224,0.0,0.0,0.0,0.0
2480.0,11.651,11.65,-4.0,-11.65,-1.226,-1.225,0.368,1.225,0.0,0.0,0.0,0.0
2530.0,11.651,11.65,-4.0,-11.65,-1.227,-1.225,0.368,1.225,0.0,0.0,0.0,0.0
2580.0,11.652,11.651,-4.0,-11.651,-1.228,-1.226,0.369,1.226,0.0,0.0,0.0,0.0
2629.0,11.651,11.651,-4.0,-11.651,-1.229,-1.227,0.369,1.227,0.0,0.0,0.0,0.0
2679.0,11.651,11.651,-4.0,-11.651,-1.229,-1.227,0.369,1.227,0.0,0.0,0.0,0.0
2729.0,11.651,11.651,-4.0,-11.651,-1.229,-1.228,0.369,1.228,0.0,0.0,0.0,0.0
2778.0,11.651,11.651,-4.0,-11.651,-1.229,-1.228,0.369,1.228,0.0,0.0,0.0,0.0
2828.0,11.651,11.651,-4.0,-11.651,-1.229,-1.228,0.369,1.228,0.0,0.0,0.0,0.0
2878.0,11.651,11.651,-4.0,-11.651,-1.229,-1.228,0.369,1.228,0.0,0.0,0.0,0.0
2928.0,11.652,11.651,-4.0,-11.651,-1.228,-1.228,0.369,1.228,0.0,0.0,0.0,0.0
2978.0,11.651,11.651,-4.0,-11.651,-1.227,-1.228,0.368,1.228,0.0,0.0,0.0,0.0
3027.0,11.655,11.652,-4.0,-11.652,-1.233,-1.23,0.37,1.23,0.0,0.0,0.0,0.0
3074.0,11.655,11.653,-4.0,-11.653,-1.233,-1.231,0.37,1.231,0.0,0.0,0.0,0.0
3123.0,11.655,11.654,-4.0,-11.654,-1.233,-1.231,0.371,1.231,0.0,0.0,0.0,0.0
3172.0,11.655,11.654,-4.0,-11.654,-1.233,-1.232,0.371,1.232,0.0,0.0,0.0,0.0
3221.0,11.655,11.654,-4.0,-11.654,-1.233,-1.232,0.371,1.232,0.0,0.0,0.0,0.0
3271.0,11.655,11.654,-4.0,-11.654,-1.233,-1.233,0.371,1.233,0.0,0.0,0.0,0.0
3321.0,11.655,11.655,-4.0,-11.655,-1.233,-1.233,0.37,1.233,0.0,0.0,0.0,0.0
3370.0,11.654,11.655,-4.0,-11.655,-1.234,-1.233,0.371,1.233,0.0,0.0,0.0,0.0
3420.0,11.651,11.654,-4.0,-11.654,-1.229,-1.232,0.369,1.232,0.0,0.0,0.0,0.0
3470.0,11.651,11.653,-4.0,-11.653,-1.229,-1.231,0.369,1.231,0.0,0.0,0.0,0.0
3520.0,11.651,11.652,-4.0,-11.652,-1.23,-1.23,0.369,1.23,0.0,0.0,0.0,0.0
3570.0,11.657,11.654,-4.0,-11.654,-1.227,-1.229,0.368,1.229,0.0,0.0,0.0,0.0
3619.0,11.657,11.655,-4.0,-11.655,-1.228,-1.229,0.368,1.229,0.0,0.0,0.0,0.0
3669.0,11.657,11.655,-4.0,-11.655,-1.228,-1.229,0.368,1.229,0.0,0.0,0.0,0.0
3719.0,11.657,11.656,-4.0,-11.656,-1.229,-1.229,0.368,1.229,0.0,0.0,0.0,0.0
3768.0,11.657,11.656,-4.0,-11.656,-1.23,-1.229,0.369,1.229,0.0,0.0,0.0,0.0
3817.0,11.613,11.643,-4.0,-11.643,-1.257,-1.238,0.375,1.238,0.0,0.0,0.0,0.0
3866.0,11.563,11.619,-4.0,-11.619,-1.255,-1.243,0.378,1.243,0.0,0.0,0.0,0.0
3913.0,11.559,11.601,-4.0,-11.601,-1.249,-1.245,0.378,1.245,0.0,0.0,0.0,0.0
3962.0,11.569,11.591,-4.0,-11.591,-1.253,-1.247,0.379,1.247,0.0,0.0,0.0,0.0
4012.0,11.668,11.614,-4.0,-11.614,-1.156,-1.22,0.356,1.22,0.0,0.0,0.0,0.0
4065.0,11.647,11.624,-4.0,-11.624,-1.089,-1.181,0.33,1.181,0.0,0.0,0.0,0.0
4114.0,11.652,11.632,-4.0,-11.632,-1.127,-1.165,0.324,1.165,0.0,0.0,0.0,0.0
4163.0,11.694,11.651,-4.0,-11.651,-0.947,-1.099,0.28,1.099,0.0,0.0,0.0,0.0
4212.0,11.673,11.657,-4.0,-11.657,-0.699,-0.979,0.2,0.979,0.0,0.0,0.0,0.0
4262.0,11.654,11.656,-4.0,-11.656,-0.695,-0.894,0.162,0.894,0.0,0.0,0.0,0.0
4312.0,11.628,11.648,-4.0,-11.648,-0.624,-0.813,0.131,0.813,0.0,0.0,0.0,0.0
4361.0,11.613,11.637,-4.0,-11.637,0.044,-0.556,-0.038,0.556,0.0,0.0,0.0,0.0
4411.0,11.617,11.631,-4.0,-11.631,1.014,-0.085,-0.37,0.085,0.0,0.0,0.0,0.0
4461.0,11.629,11.63,-4.0,-11.63,2.122,0.577,-0.75,-0.577,0.0,0.0,0.0,0.0
4511.0,11.638,11.633,-4.0,-11.633,2.322,1.1,-0.985,-1.1,0.0,0.0,0.0,0.0
4561.0,11.639,11.635,-4.0,-11.635,2.64,1.562,-1.149,-1.562,0.0,0.0,0.0,0.0
4610.0,11.625,11.632,-4.0,-11.632,3.281,2.078,-1.352,-2.078,0.0,0.0,0.0,0.0
4661.0,11.618,11.627,-4.0,-11.627,4.354,2.761,-1.66,-2.761,0.0,0.0,0.0,0.0
4711.0,11.607,11.621,-4.0,-11.621,4.432,3.262,-1.801,-3.262,0.0,0.0,0.0,0.0
4761.0,11.583,11.61,-4.0,-11.61,4.418,3.609,-1.825,-3.609,0.0,0.0,0.0,0.0
4811.0,11.513,11.581,-4.0,-11.581,4.412,3.85,-1.79,-3.85,0.0,0.0,0.0,0.0
4860.0,11.381,11.521,-4.0,-11.521,4.404,4.016,-1.731,-4.016,0.0,0.0,0.0,0.0
4910.0,11.313,11.459,-4.0,-11.459,4.352,4.117,-1.652,-4.117,0.0,0.0,0.0,0.0
4960.0,11.173,11.373,-4.0,-11.373,3.68,3.986,-1.424,-3.986,0.0,0.0,0.0,0.0
5010.0,11.156,11.308,-4.0,-11.308,2.343,3.493,-0.971,-3.493,0.0,0.0,0.0,0.0
5060.0,11.184,11.271,-4.0,-11.271,1.478,2.888,-0.523,-2.888,0.0,0.0,0.0,0.0
5109.0,11.171,11.241,-4.0,-11.241,1.457,2.459,-0.287,-2.459,0.0,0.0,0.0,0.0
5158.0,11.178,11.222,-4.0,-11.222,1.459,2.159,-0.185,-2.159,0.0,0.0,0.0,0.0
5208.0,11.191,11.213,-4.0,-11.213,1.448,1.946,-0.158,-1.946,0.0,0.0,0.0,0.0
5257.0,11.187,11.205,-4.0,-11.205,1.454,1.798,-0.169,-1.798,0.0,0.0,0.0,0.0
5304.0,11.186,11.199,-4.0,-11.199,1.471,1.7,-0.2,-1.7,0.0,0.0,0.0,0.0
5353.0,11.178,11.193,-4.0,-11.193,1.457,1.627,-0.236,-1.627,0.0,0.0,0.0,0.0
5403.0,11.178,11.188,-4.0,-11.188,1.456,1.576,-0.271,-1.576,0.0,0.0,0.0,0.0
5452.0,11.175,11.184,-4.0,-11.184,1.462,1.541,-0.305,-1.541,0.0,0.0,0.0,0.0
5502.0,11.188,11.185,-4.0,-11.185,1.451,1.514,-0.331,-1.514,0.0,0.0,0.0,0.0
5552.0,11.194,11.188,-4.0,-11.188,1.47,1.501,-0.357,-1.501,0.0,0.0,0.0,0.0
5602.0,11.188,11.188,-4.0,-11.188,1.449,1.485,-0.373,-1.485,0.0,0.0,0.0,0.0
5652.0,11.191,11.189,-4.0,-11.189,1.458,1.477,-0.389,-1.477,0.0,0.0,0.0,0.0
5701.0,11.191,11.19,-4.0,-11.19,1.457,1.471,-0.4,-1.471,0.0,0.0,0.0,0.0
5751.0,11.194,11.191,-4.0,-11.191,1.45,1.465,-0.408,-1.465,0.0,0.0,0.0,0.0
5801.0,11.197,11.193,-4.0,-11.193,1.459,1.463,-0.416,-1.463,0.0,0.0,0.0,0.0
5850.0,11.198,11.194,-4.0,-11.194,1.458,1.461,-0.421,-1.461,0.0,0.0,0.0,0.0
5900.0,11.204,11.197,-4.0,-11.197,1.462,1.462,-0.427,-1.462,0.0,0.0,0.0,0.0
5950.0,11.198,11.197,-4.0,-11.197,1.458,1.461,-0.429,-1.461,0.0,0.0,0.0,0.0
6000.0,11.198,11.197,-4.0,-11.197,1.458,1.46,-0.432,-1.46,0.0,0.0,0.0,0.0
6050.0,11.201,11.199,-4.0,-11.199,1.453,1.458,-0.432,-1.458,0.0,0.0,0.0,0.0
6104.0,11.204,11.2,-4.0,-11.2,1.446,1.454,-0.431,-1.454,0.0,0.0,0.0,0.0
6153.0,11.207,11.202,-4.0,-11.202,1.457,1.455,-0.433,-1.455,0.0,0.0,0.0,0.0
6203.0,11.205,11.203,-4.0,-11.203,1.447,1.453,-0.432,-1.453,0.0,0.0,0.0,0.0
6253.0,11.204,11.203,-4.0,-11.203,1.447,1.451,-0.432,-1.451,0.0,0.0,0.0,0.0
6302.0,11.207,11.204,-4.0,-11.204,1.441,1.448,-0.431,-1.448,0.0,0.0,0.0,0.0
6352.0,11.207,11.205,-4.0,-11.205,1.441,1.446,-0.43,-1.446,0.0,0.0,0.0,0.0
6402.0,11.208,11.206,-4.0,-11.206,1.442,1.445,-0.43,-1.445,0.0,0.0,0.0,0.0
6451.0,11.208,11.206,-4.0,-11.206,1.442,1.444,-0.43,-1.444,0.0,0.0,0.0,0.0
6501.0,11.213,11.209,-4.0,-11.209,1.446,1.444,-0.432,-1.444,0.0,0.0,0.0,0.0
6551.0,11.217,11.211,-4.0,-11.211,1.44,1.443,-0.431,-1.443,0.0,0.0,0.0,0.0
6601.0,11.211,11.211,-4.0,-11.211,1.437,1.441,-0.43,-1.441,0.0,0.0,0.0,0.0
6651.0,11.211,11.211,-4.0,-11.211,1.437,1.44,-0.43,-1.44,0.0,0.0,0.0,0.0
6700.0,11.21,11.211,-4.0,-11.211,1.438,1.439,-0.43,-1.439,0.0,0.0,0.0,0.0
6750.0,11.211,11.211,-4.0,-11.211,1.439,1.439,-0.43,-1.439,0.0,0.0,0.0,0.0
6800.0,11.214,11.212,-4.0,-11.212,1.433,1.437,-0.429,-1.437,0.0,0.0,0.0,0.0
6850.0,11.208,11.21,-4.0,-11.21,1.431,1.435,-0.428,-1.435,0.0,0.0,0.0,0.0
6900.0,11.207,11.209,-4.0,-11.209,1.432,1.434,-0.428,-1.434,0.0,0.0,0.0,0.0
6949.0,11.207,11.209,-4.0,-11.209,1.432,1.434,-0.428,-1.434,0.0,0.0,0.0,0.0
6998.0,11.207,11.208,-4.0,-11.208,1.433,1.433,-0.429,-1.433,0.0,0.0,0.0,0.0
7045.0,11.207,11.208,-4.0,-11.208,1.433,1.433,-0.429,-1.433,0.0,0.0,0.0,0.0
7094.0,11.21,11.209,-4.0,-11.209,1.428,1.432,-0.428,-1.432,0.0,0.0,0.0,0.0
7144.0,11.207,11.208,-4.0,-11.208,1.435,1.433,-0.429,-1.433,0.0,0.0,0.0,0.0
7194.0,11.22,11.212,-4.0,-11.212,1.427,1.431,-0.428,-1.431,0.0,0.0,0.0,0.0
7244.0,11.219,11.214,-4.0,-11.214,1.428,1.43,-0.428,-1.43,0.0,0.0,0.0,0.0
7293.0,11.22,11.216,-4.0,-11.216,1.429,1.43,-0.428,-1.43,0.0,0.0,0.0,0.0
7343.0,11.219,11.217,-4.0,-11.217,1.43,1.43,-0.428,-1.43,0.0,0.0,0.0,0.0
7393.0,11.213,11.216,-4.0,-11.216,1.427,1.429,-0.428,-1.429,0.0,0.0,0.0,0.0
7443.0,11.207,11.213,-4.0,-11.213,1.425,1.428,-0.427,-1.428,0.0,0.0,0.0,0.0
7493.0,11.213,11.213,-4.0,-11.213,1.429,1.428,-0.428,-1.428,0.0,0.0,0.0,0.0
7542.0,11.213,11.213,-4.0,-11.213,1.429,1.428,-0.428,-1.428,0.0,0.0,0.0,0.0
7592.0,11.207,11.211,-4.0,-11.211,1.426,1.428,-0.428,-1.428,0.0,0.0,0.0,0.0
7642.0,11.212,11.211,-4.0,-11.211,1.43,1.428,-0.429,-1.428,0.0,0.0,0.0,0.0
7692.0,11.206,11.21,-4.0,-11.21,1.427,1.428,-0.428,-1.428,0.0,0.0,0.0,0.0
7742.0,11.212,11.211,-4.0,-11.211,1.43,1.429,-0.429,-1.429,0.0,0.0,0.0,0.0
7791.0,11.216,11.212,-4.0,-11.212,1.424,1.427,-0.428,-1.427,0.0,0.0,0.0,0.0
7841.0,11.216,11.213,-4.0,-11.213,1.423,1.426,-0.427,-1.426,0.0,0.0,0.0,0.0
7891.0,11.216,11.214,-4.0,-11.214,1.423,1.425,-0.427,-1.425,0.0,0.0,0.0,0.0
7940.0,11.216,11.215,-4.0,-11.215,1.423,1.425,-0.426,-1.425,0.0,0.0,0.0,0.0
7989.0,11.216,11.215,-4.0,-11.215,1.423,1.424,-0.426,-1.424,0.0,0.0,0.0,0.0
8036.0,11.21,11.214,-4.0,-11.214,1.42,1.423,-0.426,-1.423,0.0,0.0,0.0,0.0
8085.0,11.21,11.213,-4.0,-11.213,1.42,1.422,-0.425,-1.422,0.0,0.0,0.0,0.0
8138.0,11.21,11.212,-4.0,-11.212,1.42,1.421,-0.425,-1.421,0.0,0.0,0.0,0.0
8186.0,11.21,11.211,-4.0,-11.211,1.419,1.421,-0.425,-1.421,288.0,0.0,-155.0,0.0
8197.0,11.21,11.211,-4.0,-11.211,1.419,1.42,-0.424,-1.42,288.0,0.0,-155.0,0.0
8205.0,11.21,11.21,-4.0,-11.21,1.419,1.42,-0.424,-1.42,288.0,0.0,-155.0,0.0
8212.0,11.21,11.21,-4.0,-11.21,1.419,1.42,-0.424,-1.42,288.0,0.0,-155.0,0.0
8219.0,11.21,11.21,-4.0,-11.21,1.419,1.42,-0.424,-1.42,288.0,0.0,-155.0,0.0
8228.0,11.21,11.21,-4.0,-11.21,1.419,1.42,-0.424,-1.42,288.0,0.0,-155.0,0.0
8236.0,11.21,11.21,-4.0,-11.21,1.419,1.42,-0.424,-1.42,0.0,0.0,-155.0,0.0
8257.0,11.21,11.21,-4.0,-11.21,1.419,1.419,-0.425,-1.419,0.0,0.0,-155.0,0.0
8277.0,11.21,11.21,-4.0,-11.21,1.419,1.419,-0.425,-1.419,288.0,0.0,-155.0,0.0
8287.0,11.21,11.21,-4.0,-11.21,1.419,1.419,-0.425,-1.419,288.0,0.0,-155.0,0.0
8295.0,11.21,11.21,-4.0,-11.21,1.419,1.419,-0.425,-1.419,288.0,0.0,-155.0,0.0
8302.0,11.21,11.21,-4.0,-11.21,1.419,1.419,-0.425,-1.419,288.0,0.0,-155.0,0.0
8310.0,11.21,11.21,-4.0,-11.21,1.419,1.419,-0.426,-1.419,288.0,0.0,-155.0,0.0
8318.0,11.21,11.21,-4.0,-11.21,1.419,1.419,-0.426,-1.419,288.0,0.0,-155.0,0.0
8326.0,11.21,11.21,-4.0,-11.21,1.419,1.419,-0.426,-1.419,288.0,0.0,-155.0,0.0
8335.0,11.21,11.21,-4.0,-11.21,1.419,1.419,-0.426,-1.419,288.0,0.0,-155.0,0.0
8343.0,11.21,11.21,-4.0,-11.21,1.419,1.419,-0.425,-1.419,0.0,0.0,-155.0,0.0
8359.0,11.21,11.21,-4.0,-11.21,1.419,1.419,-0.425,-1.419,288.0,0.0,-155.0,0.0
8367.0,11.21,11.21,-4.0,-11.21,1.419,1.419,-0.425,-1.419,288.0,0.0,-155.0,0.0
8375.0,11.21,11.21,-4.0,-11.21,1.419,1.419,-0.425,-1.419,288.0,0.0,-155.0,0.0
8385.0,11.21,11.21,-4.0,-11.21,1.419,1.419,-0.425,-1.419,288.0,0.0,-155.0,0.0
8394.0,11.21,11.21,-4.0,-11.21,1.419,1.419,-0.426,-1.419,288.0,0.0,-155.0,0.0
8405.0,11.204,11.208,-4.0,-11.208,1.416,1.418,-0.423,-1.418,288.0,0.0,-155.0,0.0
8415.0,11.204,11.207,-4.0,-11.207,1.416,1.417,-0.422,-1.417,288.0,0.0,0.0,0.0
8437.0,11.194,11.203,-4.0,-11.203,1.418,1.418,-0.423,-1.418,288.0,0.0,-155.0,0.0
8447.0,11.188,11.199,-4.0,-11.199,1.415,1.417,-0.422,-1.417,288.0,0.0,-155.0,0.0
8456.0,11.188,11.196,-4.0,-11.196,1.415,1.416,-0.421,-1.416,288.0,0.0,-155.0,0.0
8467.0,11.188,11.193,-4.0,-11.193,1.415,1.416,-0.421,-1.416,288.0,0.0,-155.0,0.0
8477.0,11.188,11.192,-4.0,-11.192,1.415,1.416,-0.421,-1.416,288.0,0.0,-155.0,0.0
8487.0,11.182,11.189,-4.0,-11.189,1.411,1.414,-0.419,-1.414,288.0,-5.0,-155.0,0.0
8497.0,11.178,11.186,-4.0,-11.186,1.417,1.415,-0.423,-1.415,288.0,0.0,-155.0,0.0
8507.0,11.172,11.182,-4.0,-11.182,1.414,1.415,-0.422,-1.415,288.0,0.0,-155.0,0.0
8517.0,11.163,11.176,-4.0,-11.176,1.416,1.415,-0.424,-1.415,288.0,0.0,-155.0,0.0
8526.0,11.163,11.172,-4.0,-11.172,1.416,1.416,-0.425,-1.416,288.0,0.0,-155.0,0.0
8537.0,11.163,11.169,-4.0,-11.169,1.416,1.416,-0.426,-1.416,288.0,0.0,-155.0,0.0
8547.0,11.157,11.166,-4.0,-11.166,1.413,1.415,-0.423,-1.415,288.0,0.0,-155.0,0.0
8557.0,11.147,11.16,-4.0,-11.16,1.416,1.415,-0.424,-1.415,288.0,0.0,-155.0,0.0
8568.0,11.141,11.154,-4.0,-11.154,1.413,1.414,-0.422,-1.414,288.0,0.0,0.0,0.0
8589.0,11.131,11.148,-4.0,-11.148,1.415,1.415,-0.423,-1.415,288.0,-5.0,-155.0,0.0
8600.0,11.109,11.136,-4.0,-11.136,1.411,1.414,-0.421,-1.414,0.0,0.0,-155.0,0.0
8623.0,11.079,11.119,-4.0,-11.119,1.411,1.413,-0.421,-1.413,288.0,0.0,-155.0,0.0
8634.0,11.043,11.096,-4.0,-11.096,1.415,1.414,-0.424,-1.414,288.0,0.0,-155.0,0.0
8644.0,11.022,11.074,-4.0,-11.074,1.411,1.413,-0.422,-1.413,288.0,0.0,-155.0,0.0
8653.0,11.003,11.053,-4.0,-11.053,1.417,1.414,-0.426,-1.414,288.0,-10.0,-155.0,0.0
8662.0,10.981,11.031,-4.0,-11.031,1.413,1.414,-0.424,-1.414,288.0,-10.0,-155.0,0.0
8671.0,10.961,11.01,-4.0,-11.01,1.418,1.415,-0.429,-1.415,288.0,0.0,-155.0,0.0
8681.0,10.94,10.989,-4.0,-10.989,1.414,1.415,-0.427,-1.415,288.0,0.0,-155.0,0.0
8691.0,10.908,10.965,-4.0,-10.965,1.413,1.414,-0.425,-1.414,288.0,-5.0,-155.0,0.0
8710.0,10.883,10.94,-4.0,-10.94,1.415,1.415,-0.425,-1.415,288.0,-5.0,-155.0,0.0
8752.0,10.827,10.906,-4.0,-10.906,1.417,1.415,-0.425,-1.415,288.0,-5.0,-155.0,0.0
8794.0,10.71,10.847,-4.0,-10.847,1.41,1.414,-0.424,-1.414,288.0,0.0,-155.0,0.0
8834.0,10.56,10.761,-4.0,-10.761,1.407,1.412,-0.422,-1.412,287.0,-5.0,0.0,0.0
8874.0,10.352,10.638,-4.0,-10.638,1.406,1.41,-0.421,-1.41,287.0,-16.0,0.0,0.0
8914.0,10.025,10.454,-4.0,-10.454,1.403,1.408,-0.42,-1.408,286.0,-10.0,-155.0,0.0
8954.0,9.45,10.153,-4.0,-10.153,1.402,1.406,-0.419,-1.406,286.0,-10.0,-155.0,0.0
8994.0,8.822,9.754,-4.0,-9.754,1.397,1.403,-0.417,-1.403,286.0,0.0,-155.0,0.0
9034.0,8.512,9.381,-4.0,-9.381,1.395,1.401,-0.416,-1.401,286.0,0.0,-155.0,0.0
9074.0,8.467,9.107,-4.0,-9.107,1.387,1.397,-0.414,-1.397,286.0,0.0,-155.0,0.0
9114.0,8.43,8.904,-4.0,-8.904,1.383,1.393,-0.411,-1.393,285.0,0.0,-155.0,0.0
9154.0,8.348,8.737,-4.0,-8.737,1.387,1.391,-0.412,-1.391,285.0,-5.0,-155.0,0.0
9195.0,8.173,8.568,-4.0,-8.568,1.387,1.39,-0.412,-1.39,285.0,-10.0,-155.0,0.0
9234.0,7.94,8.379,-4.0,-8.379,1.388,1.389,-0.413,-1.389,285.0,-10.0,-155.0,0.0
9274.0,7.614,8.15,-4.0,-8.15,1.386,1.388,-0.414,-1.388,284.0,-10.0,-155.0,0.0
9314.0,7.237,7.876,-4.0,-7.876,1.389,1.388,-0.415,-1.388,284.0,0.0,-155.0,0.0
9354.0,7.011,7.616,-4.0,-7.616,1.393,1.39,-0.417,-1.39,284.0,0.0,-155.0,0.0
9394.0,7.011,7.435,-4.0,-7.435,1.393,1.391,-0.418,-1.391,284.0,0.0,-155.0,0.0
9434.0,6.995,7.303,-4.0,-7.303,1.393,1.392,-0.418,-1.392,284.0,0.0,-155.0,0.0
9474.0,6.948,7.196,-4.0,-7.196,1.391,1.391,-0.418,-1.391,284.0,0.0,0.0,0.0
9515.0,6.892,7.105,-4.0,-7.105,1.392,1.391,-0.418,-1.391,284.0,0.0,-155.0,0.0
9554.0,6.836,7.024,-4.0,-7.024,1.392,1.392,-0.418,-1.392,284.0,0.0,-155.0,0.0
9594.0,6.795,6.955,-4.0,-6.955,1.393,1.392,-0.418,-1.392,284.0,0.0,-155.0,0.0
9634.0,6.742,6.891,-4.0,-6.891,1.387,1.391,-0.417,-1.391,0.0,0.0,-155.0,0.0
9674.0,6.685,6.829,-4.0,-6.829,1.388,1.39,-0.416,-1.39,0.0,0.0,-155.0,0.0
9714.0,6.629,6.769,-4.0,-6.769,1.388,1.389,-0.416,-1.389,284.0,0.0,-155.0,0.0
9755.0,6.576,6.711,-4.0,-6.711,1.382,1.387,-0.414,-1.387,284.0,0.0,-155.0,0.0
9794.0,6.501,6.648,-4.0,-6.648,1.388,1.387,-0.415,-1.387,284.0,0.0,-155.0,0.0
9835.0,6.429,6.582,-4.0,-6.582,1.387,1.387,-0.415,-1.387,283.0,0.0,0.0,0.0
9875.0,6.351,6.513,-4.0,-6.513,1.384,1.386,-0.415,-1.386,283.0,-10.0,-155.0,0.0
9915.0,6.26,6.437,-4.0,-6.437,1.389,1.387,-0.416,-1.387,283.0,0.0,-155.0,0.0
9955.0,6.144,6.349,-4.0,-6.349,1.381,1.385,-0.414,-1.385,283.0,-10.0,-155.0,0.0
9995.0,6.016,6.249,-4.0,-6.249,1.382,1.385,-0.414,-1.385,0.0,0.0,-155.0,0.0
10035.0,5.862,6.133,-4.0,-6.133,1.386,1.385,-0.415,-1.385,283.0,-5.0,-155.0,0.0
10075.0,5.618,5.978,-4.0,-5.978,1.379,1.383,-0.413,-1.383,282.0,-5.0,-155.0,0.0
10115.0,5.277,5.768,-4.0,-5.768,1.376,1.381,-0.412,-1.381,0.0,0.0,0.0,0.0
10160.0,4.891,5.505,-4.0,-5.505,1.38,1.381,-0.412,-1.381,0.0,0.0,0.0,0.0
10197.0,4.662,5.252,-4.0,-5.252,1.375,1.379,-0.411,-1.379,0.0,0.0,0.0,0.0
10235.0,4.6,5.056,-4.0,-5.056,1.372,1.377,-0.41,-1.377,0.0,0.0,0.0,0.0
10275.0,4.559,4.907,-4.0,-4.907,1.373,1.376,-0.41,-1.376,0.0,0.0,0.0,0.0
10315.0,4.478,4.778,-4.0,-4.778,1.377,1.376,-0.411,-1.376,0.0,0.0,0.0,0.0
10355.0,4.365,4.654,-4.0,-4.654,1.379,1.377,-0.412,-1.377,0.0,0.0,0.0,0.0
10394.0,4.249,4.533,-4.0,-4.533,1.371,1.375,-0.411,-1.375,0.0,0.0,0.0,0.0
10435.0,4.136,4.414,-4.0,-4.414,1.374,1.375,-0.411,-1.375,0.0,0.0,0.0,0.0
10475.0,3.992,4.287,-4.0,-4.287,1.375,1.375,-0.411,-1.375,0.0,0.0,0.0,0.0
10515.0,3.814,4.145,-4.0,-4.145,1.365,1.372,-0.409,-1.372,0.0,0.0,0.0,0.0
10555.0,3.567,3.972,-4.0,-3.972,1.365,1.37,-0.408,-1.37,0.0,0.0,0.0,0.0
10595.0,3.288,3.767,-4.0,-3.767,1.365,1.368,-0.408,-1.368,0.0,0.0,0.0,0.0
10635.0,3.04,3.549,-4.0,-3.549,1.366,1.368,-0.408,-1.368,0.0,0.0,0.0,0.0
10675.0,2.94,3.366,-4.0,-3.366,1.359,1.365,-0.406,-1.365,0.0,0.0,0.0,0.0
10714.0,2.903,3.227,-4.0,-3.227,1.355,1.362,-0.405,-1.362,0.0,0.0,0.0,0.0
10755.0,2.868,3.119,-4.0,-3.119,1.36,1.362,-0.405,-1.362,0.0,0.0,0.0,0.0
10795.0,2.784,3.019,-4.0,-3.019,1.354,1.359,-0.404,-1.359,0.0,0.0,0.0,0.0
10835.0,2.705,2.925,-4.0,-2.925,1.351,1.357,-0.403,-1.357,0.0,0.0,0.0,0.0
10875.0,2.649,2.842,-4.0,-2.842,1.352,1.356,-0.403,-1.356,0.0,0.0,0.0,0.0
10915.0,2.599,2.769,-4.0,-2.769,1.357,1.356,-0.404,-1.356,0.0,0.0,0.0,0.0
10955.0,2.527,2.696,-4.0,-2.696,1.357,1.356,-0.406,-1.356,0.0,0.0,0.0,0.0
10995.0,2.467,2.628,-4.0,-2.628,1.349,1.354,-0.404,-1.354,0.0,0.0,0.0,0.0
11035.0,2.396,2.558,-4.0,-2.558,1.349,1.353,-0.403,-1.353,0.0,0.0,0.0,0.0
11075.0,2.317,2.486,-4.0,-2.486,1.346,1.351,-0.402,-1.351,0.0,0.0,0.0,0.0
11115.0,2.249,2.415,-4.0,-2.415,1.341,1.348,-0.401,-1.348,0.0,0.0,0.0,0.0
11155.0,2.177,2.343,-4.0,-2.343,1.341,1.346,-0.4,-1.346,0.0,0.0,0.0,0.0
11195.0,2.058,2.258,-4.0,-2.258,1.34,1.344,-0.399,-1.344,0.0,0.0,0.0,0.0
11235.0,1.96,2.168,-4.0,-2.168,1.343,1.344,-0.4,-1.344,0.0,0.0,0.0,0.0
11275.0,1.867,2.078,-4.0,-2.078,1.339,1.342,-0.4,-1.342,0.0,0.0,0.0,0.0
11315.0,1.757,1.982,-3.825,-1.982,1.335,1.34,-0.399,-1.34,0.0,0.0,0.0,0.0
11355.0,1.635,1.878,-3.592,-1.878,1.34,1.34,-0.4,-1.34,0.0,0.0,0.0,0.0
11395.0,1.485,1.76,-3.319,-1.76,1.338,1.34,-0.4,-1.34,0.0,0.0,0.0,0.0
11435.0,1.319,1.627,-3.006,-1.627,1.335,1.338,-0.399,-1.338,0.0,0.0,0.0,0.0
11475.0,1.153,1.485,-2.672,-1.485,1.332,1.336,-0.398,-1.336,0.0,0.0,0.0,0.0
11515.0,0.996,1.339,-2.339,-1.339,1.326,1.333,-0.396,-1.333,0.0,0.0,0.0,0.0
11555.0,0.868,1.197,-2.036,-1.197,1.328,1.332,-0.396,-1.332,0.0,0.0,0.0,0.0
11595.0,0.777,1.071,-1.793,-1.071,1.318,1.328,-0.393,-1.328,0.0,0.0,0.0,0.0
11635.0,0.69,0.957,-1.587,-0.957,1.318,1.325,-0.392,-1.325,0.0,0.0,0.0,0.0
11675.0,0.612,0.853,-1.412,-0.853,1.315,1.322,-0.391,-1.322,0.0,0.0,0.0,0.0
11715.0,0.518,0.753,-1.238,-0.753,1.312,1.319,-0.39,-1.319,0.0,0.0,0.0,0.0
11755.0,0.411,0.65,-1.05,-0.65,1.317,1.319,-0.391,-1.319,0.0,0.0,0.0,0.0
11795.0,0.311,0.548,-0.859,-0.548,1.311,1.316,-0.391,-1.316,0.0,0.0,0.0,0.0
11835.0,0.202,0.444,-0.656,-0.444,1.307,1.313,-0.389,-1.313,0.0,0.0,0.0,0.0
11875.0,0.073,0.333,-0.426,-0.333,1.308,1.312,-0.389,-1.312,0.0,0.0,0.0,0.0
11915.0,-0.077,0.21,0.262,-0.21,1.305,1.31,-0.389,-1.31,0.0,0.0,0.0,0.0
11955.0,-0.29,0.06,0.319,-0.06,1.301,1.307,-0.388,-1.307,0.0,0.0,0.0,0.0
11995.0,-0.607,-0.14,0.433,0.14,1.295,1.303,-0.386,-1.303,0.0,0.0,0.0,0.0
12035.0,-1.085,-0.424,1.486,0.424,1.279,1.296,-0.381,-1.296,0.0,0.0,0.0,0.0
12075.0,-1.623,-0.784,2.464,0.784,1.255,1.284,-0.372,-1.284,0.0,0.0,0.0,0.0
12115.0,-1.87,-1.11,3.247,1.11,1.239,1.27,-0.364,-1.27,0.0,0.0,0.0,0.0
12155.0,-1.887,-1.343,3.666,1.343,1.11,1.222,-0.326,-1.222,0.0,0.0,0.0,0.0
12201.0,-1.904,-1.511,3.84,1.511,1.068,1.176,-0.3,-1.176,0.0,0.0,0.0,0.0
12238.0,-1.942,-1.64,3.974,1.64,1.064,1.142,-0.284,-1.142,0.0,0.0,0.0,0.0
12276.0,-2.017,-1.753,4.0,1.753,1.054,1.116,-0.277,-1.116,0.0,0.0,0.0,0.0
12315.0,-2.117,-1.862,4.0,1.862,1.047,1.095,-0.275,-1.095,0.0,0.0,0.0,0.0
12355.0,-2.22,-1.97,4.0,1.97,1.046,1.08,-0.278,-1.08,0.0,0.0,0.0,0.0
12395.0,-2.324,-2.076,4.0,2.076,1.045,1.07,-0.282,-1.07,0.0,0.0,0.0,0.0
12435.0,-2.468,-2.193,4.0,2.193,1.045,1.062,-0.287,-1.062,0.0,0.0,0.0,0.0
12475.0,-2.634,-2.326,4.0,2.326,1.041,1.056,-0.291,-1.056,0.0,0.0,0.0,0.0
12515.0,-2.862,-2.486,4.0,2.486,1.035,1.05,-0.293,-1.05,0.0,0.0,0.0,0.0
12555.0,-3.15,-2.686,4.0,2.686,1.036,1.046,-0.296,-1.046,0.0,0.0,0.0,0.0
12595.0,-3.451,-2.915,4.0,2.915,1.03,1.041,-0.297,-1.041,0.0,0.0,0.0,0.0
12635.0,-3.642,-3.133,4.0,3.133,1.029,1.038,-0.299,-1.038,0.0,0.0,0.0,0.0
12675.0,-3.726,-3.311,4.0,3.311,1.023,1.033,-0.298,-1.033,0.0,0.0,0.0,0.0
12715.0,-3.785,-3.453,4.0,3.453,1.015,1.028,-0.297,-1.028,0.0,0.0,0.0,0.0
12755.0,-3.851,-3.572,4.0,3.572,1.019,1.025,-0.298,-1.025,0.0,0.0,0.0,0.0
12795.0,-3.945,-3.684,4.0,3.684,1.015,1.022,-0.298,-1.022,0.0,0.0,0.0,0.0
12835.0,-4.051,-3.794,4.0,3.794,1.005,1.017,-0.296,-1.017,0.0,0.0,0.0,0.0
12875.0,-4.17,-3.907,4.0,3.907,1.004,1.013,-0.295,-1.013,0.0,0.0,0.0,0.0
12915.0,-4.32,-4.031,4.0,4.031,1.001,1.009,-0.295,-1.009,0.0,0.0,0.0,0.0
12955.0,-4.533,-4.181,4.0,4.181,0.996,1.005,-0.293,-1.005,0.0,0.0,0.0,0.0
12995.0,-4.855,-4.383,4.0,4.383,0.987,1.0,-0.291,-1.0,0.0,0.0,0.0,0.0
13035.0,-5.381,-4.683,4.0,4.683,0.985,0.995,-0.289,-0.995,0.0,0.0,0.0,0.0
13075.0,-5.93,-5.057,4.0,5.057,0.978,0.99,-0.288,-0.99,0.0,0.0,0.0,0.0
13115.0,-6.089,-5.367,4.0,5.367,0.979,0.987,-0.287,-0.987,0.0,0.0,0.0,0.0
13155.0,-6.067,-5.577,4.0,5.577,0.968,0.981,-0.285,-0.981,0.0,0.0,0.0,0.0
13195.0,-6.098,-5.733,4.0,5.733,0.967,0.977,-0.284,-0.977,0.0,0.0,0.0,0.0
13235.0,-6.139,-5.855,4.0,5.855,0.969,0.974,-0.284,-0.974,0.0,0.0,0.0,0.0
13275.0,-6.201,-5.959,4.0,5.959,0.967,0.972,-0.285,-0.972,0.0,0.0,0.0,0.0
13315.0,-6.286,-6.057,4.0,6.057,0.961,0.969,-0.284,-0.969,0.0,0.0,0.0,0.0
13355.0,-6.358,-6.147,4.0,6.147,0.961,0.966,-0.284,-0.966,0.0,0.0,0.0,0.0
13395.0,-6.455,-6.24,4.0,6.24,0.964,0.966,-0.285,-0.966,0.0,0.0,0.0,0.0
13435.0,-6.565,-6.337,4.0,6.337,0.96,0.964,-0.285,-0.964,0.0,0.0,0.0,0.0
13474.0,-6.684,-6.441,4.0,6.441,0.958,0.962,-0.285,-0.962,0.0,0.0,0.0,0.0
13515.0,-6.834,-6.559,4.0,6.559,0.956,0.96,-0.284,-0.96,0.0,0.0,0.0,0.0
13555.0,-7.057,-6.708,4.0,6.708,0.954,0.958,-0.283,-0.958,0.0,0.0,0.0,0.0
13595.0,-7.33,-6.895,4.0,6.895,0.955,0.957,-0.284,-0.957,0.0,0.0,0.0,0.0
13635.0,-7.662,-7.125,4.0,7.125,0.948,0.955,-0.282,-0.955,0.0,0.0,0.0,0.0
13675.0,-7.919,-7.363,4.0,7.363,0.951,0.953,-0.283,-0.953,0.0,0.0,0.0,0.0
13715.0,-8.032,-7.564,4.0,7.564,0.938,0.949,-0.279,-0.949,0.0,0.0,0.0,0.0
13755.0,-8.082,-7.719,4.0,7.719,0.943,0.947,-0.279,-0.947,0.0,0.0,0.0,0.0
13795.0,-8.145,-7.847,4.0,7.847,0.941,0.945,-0.279,-0.945,0.0,0.0,0.0,0.0
13835.0,-8.235,-7.963,4.0,7.963,0.932,0.941,-0.277,-0.941,0.0,0.0,0.0,0.0
13875.0,-8.326,-8.072,4.0,8.072,0.938,0.94,-0.278,-0.94,0.0,0.0,0.0,0.0
13915.0,-8.427,-8.179,4.0,8.179,0.931,0.938,-0.277,-0.938,0.0,0.0,0.0,0.0
13955.0,-8.52,-8.281,4.0,8.281,0.928,0.935,-0.275,-0.935,0.0,0.0,0.0,0.0
13995.0,-8.63,-8.386,4.0,8.386,0.924,0.932,-0.274,-0.932,0.0,0.0,0.0,0.0
14035.0,-8.75,-8.495,4.0,8.495,0.923,0.929,-0.273,-0.929,0.0,0.0,0.0,0.0
14075.0,-8.9,-8.617,4.0,8.617,0.921,0.927,-0.273,-0.927,0.0,0.0,0.0,0.0
14116.0,-9.082,-8.756,4.0,8.756,0.917,0.924,-0.272,-0.924,0.0,0.0,0.0,0.0
14155.0,-9.305,-8.921,4.0,8.921,0.915,0.921,-0.271,-0.921,0.0,0.0,0.0,0.0
14195.0,-9.584,-9.12,4.0,9.12,0.914,0.919,-0.271,-0.919,0.0,0.0,0.0,0.0
14239.0,-9.829,-9.333,4.0,9.333,0.908,0.916,-0.269,-0.916,0.0,0.0,0.0,0.0
14277.0,-9.974,-9.525,4.0,9.525,0.909,0.914,-0.269,-0.914,0.0,0.0,0.0,0.0
14315.0,-10.048,-9.682,4.0,9.682,0.9,0.91,-0.267,-0.91,0.0,0.0,0.0,0.0
14355.0,-10.102,-9.808,4.0,9.808,0.895,0.905,-0.265,-0.905,0.0,0.0,0.0,0.0
14394.0,-10.18,-9.92,4.0,9.92,0.893,0.902,-0.263,-0.902,0.0,0.0,0.0,0.0
14435.0,-10.274,-10.026,4.0,10.026,0.873,0.893,-0.258,-0.893,0.0,0.0,0.0,0.0
14475.0,-10.352,-10.124,4.0,10.124,0.87,0.886,-0.255,-0.886,0.0,0.0,0.0,0.0
14515.0,-10.44,-10.219,4.0,10.219,0.87,0.881,-0.254,-0.881,0.0,0.0,0.0,0.0
14555.0,-10.519,-10.309,4.0,10.309,0.867,0.877,-0.253,-0.877,0.0,0.0,0.0,0.0
14595.0,-10.607,-10.398,4.0,10.398,0.867,0.874,-0.253,-0.874,0.0,0.0,0.0,0.0
14635.0,-10.717,-10.494,4.0,10.494,0.863,0.871,-0.253,-0.871,0.0,0.0,0.0,0.0
14675.0,-10.83,-10.595,4.0,10.595,0.861,0.868,-0.253,-0.868,0.0,0.0,0.0,0.0
14715.0,-10.966,-10.706,4.0,10.706,0.857,0.864,-0.252,-0.864,0.0,0.0,0.0,0.0
14755.0,-11.126,-10.832,4.0,10.832,0.854,0.861,-0.251,-0.861,0.0,0.0,0.0,0.0
14795.0,-11.306,-10.974,4.0,10.974,0.857,0.86,-0.252,-0.86,0.0,0.0,0.0,0.0
14835.0,-11.523,-11.139,4.0,11.139,0.855,0.859,-0.253,-0.859,0.0,0.0,0.0,0.0
14875.0,-11.731,-11.317,4.0,11.317,0.85,0.856,-0.252,-0.856,0.0,0.0,0.0,0.0
14915.0,-11.882,-11.486,4.0,11.486,0.845,0.853,-0.25,-0.853,0.0,0.0,0.0,0.0
14955.0,-11.949,-11.625,4.0,11.625,0.846,0.851,-0.25,-0.851,0.0,0.0,0.0,0.0
14995.0,-11.993,-11.735,4.0,11.735,0.85,0.851,-0.252,-0.851,0.0,0.0,0.0,0.0
15036.0,-12.04,-11.827,4.0,11.827,0.847,0.849,-0.252,-0.849,0.0,0.0,0.0,0.0
15075.0,-12.107,-11.911,4.0,11.911,0.847,0.849,-0.252,-0.849,0.0,0.0,0.0,0.0
15115.0,-12.149,-11.982,4.0,11.982,0.791,0.832,-0.237,-0.832,0.0,0.0,0.0,0.0
15155.0,-12.229,-12.056,4.0,12.056,0.377,0.695,-0.118,-0.695,0.0,0.0,0.0,0.0
15195.0,-12.301,-12.13,4.0,12.13,-0.153,0.441,0.084,-0.441,0.0,0.0,0.0,0.0
15235.0,-12.398,-12.21,4.0,12.21,-0.725,0.091,0.361,-0.091,0.0,0.0,0.0,0.0
15275.0,-12.511,-12.3,4.0,12.3,-1.46,-0.374,0.644,0.374,0.0,0.0,0.0,0.0
15314.0,-12.621,-12.397,4.0,12.397,-2.188,-0.918,0.983,0.918,0.0,0.0,0.0,0.0
15355.0,-12.752,-12.503,4.0,12.503,-2.532,-1.402,1.199,1.402,0.0,0.0,0.0,0.0
15395.0,-12.852,-12.608,4.0,12.608,-2.528,-1.74,1.269,1.74,0.0,0.0,0.0,0.0
15435.0,-13.036,-12.736,4.0,12.736,-2.517,-1.973,1.255,1.973,0.0,0.0,0.0,0.0
15475.0,-13.209,-12.878,4.0,12.878,-2.512,-2.135,1.202,2.135,0.0,0.0,0.0,0.0
15515.0,-13.451,-13.05,4.0,13.05,-2.51,-2.247,1.135,2.247,0.0,0.0,0.0,0.0
15555.0,-13.612,-13.218,4.0,13.218,-2.514,-2.327,1.068,2.327,0.0,0.0,0.0,0.0
15595.0,-13.746,-13.377,4.0,13.377,-2.519,-2.385,1.009,2.385,0.0,0.0,0.0,0.0
15635.0,-13.806,-13.505,4.0,13.505,-2.515,-2.424,0.956,2.424,0.0,0.0,0.0,0.0
15675.0,-13.878,-13.617,4.0,13.617,-2.517,-2.452,0.913,2.452,0.0,0.0,0.0,0.0
15715.0,-13.925,-13.709,4.0,13.709,-2.523,-2.473,0.879,2.473,0.0,0.0,0.0,0.0
15755.0,-13.984,-13.792,4.0,13.792,-2.518,-2.487,0.85,2.487,0.0,0.0,0.0,0.0
15795.0,-14.054,-13.87,4.0,13.87,-2.513,-2.494,0.826,2.494,0.0,0.0,0.0,0.0
15835.0,-14.125,-13.947,4.0,13.947,-2.514,-2.5,0.808,2.5,0.0,0.0,0.0,0.0
15875.0,-14.188,-14.019,4.0,14.019,-2.519,-2.506,0.796,2.506,0.0,0.0,0.0,0.0
15915.0,-14.26,-14.092,4.0,14.092,-2.522,-2.511,0.787,2.511,0.0,0.0,0.0,0.0
15956.0,-14.345,-14.168,4.0,14.168,-2.516,-2.512,0.778,2.512,0.0,0.0,0.0,0.0
15995.0,-14.459,-14.255,4.0,14.255,-2.517,-2.514,0.772,2.514,0.0,0.0,0.0,0.0
16035.0,-14.582,-14.353,4.0,14.353,-2.515,-2.514,0.767,2.514,0.0,0.0,0.0,0.0
16075.0,-14.746,-14.471,4.0,14.471,-2.511,-2.513,0.762,2.513,0.0,0.0,0.0,0.0
16115.0,-14.983,-14.624,4.0,14.624,-2.507,-2.511,0.758,2.511,0.0,0.0,0.0,0.0
16155.0,-15.381,-14.851,4.0,14.851,-2.504,-2.509,0.755,2.509,0.0,0.0,0.0,0.0
16195.0,-16.0,-15.196,4.0,15.196,-2.508,-2.509,0.754,2.509,0.0,0.0,0.0,0.0
16235.0,-16.626,-15.625,4.0,15.625,-2.501,-2.506,0.751,2.506,0.0,0.0,0.0,0.0
16279.0,-16.927,-16.015,4.0,16.015,-2.5,-2.504,0.75,2.504,0.0,0.0,0.0,0.0
16317.0,-17.005,-16.312,4.0,16.312,-2.506,-2.505,0.751,2.505,0.0,0.0,0.0,0.0
16355.0,-17.072,-16.54,4.0,16.54,-2.506,-2.505,0.751,2.505,0.0,0.0,0.0,0.0
16395.0,-17.176,-16.731,4.0,16.731,-2.51,-2.507,0.753,2.507,0.0,0.0,0.0,0.0
16435.0,-17.362,-16.92,4.0,16.92,-2.511,-2.508,0.754,2.508,0.0,0.0,0.0,0.0
16475.0,-17.6,-17.124,4.0,17.124,-2.507,-2.508,0.753,2.508,0.0,0.0,0.0,0.0
16515.0,-17.843,-17.34,4.0,17.34,-2.509,-2.508,0.753,2.508,0.0,0.0,0.0,0.0
16555.0,-18.018,-17.543,4.0,17.543,-2.504,-2.507,0.752,2.507,0.0,0.0,0.0,0.0
16595.0,-18.106,-17.712,4.0,17.712,-2.508,-2.507,0.752,2.507,0.0,0.0,0.0,0.0
16635.0,-18.144,-17.842,4.0,17.842,-2.504,-2.506,0.751,2.506,0.0,0.0,0.0,0.0
16675.0,-18.188,-17.945,4.0,17.945,-2.502,-2.505,0.75,2.505,0.0,0.0,0.0,0.0
16715.0,-18.254,-18.038,4.0,18.038,-2.502,-2.504,0.75,2.504,0.0,0.0,0.0,0.0
16755.0,-18.314,-18.121,4.0,18.121,-2.501,-2.503,0.75,2.503,0.0,0.0,0.0,0.0
16795.0,-18.371,-18.196,4.0,18.196,-2.504,-2.503,0.75,2.503,0.0,0.0,0.0,0.0
16835.0,-18.427,-18.265,4.0,18.265,-2.507,-2.504,0.751,2.504,0.0,0.0,0.0,0.0
16875.0,-18.494,-18.334,4.0,18.334,-2.508,-2.505,0.752,2.505,0.0,0.0,0.0,0.0
16915.0,-18.554,-18.4,4.0,18.4,-2.505,-2.505,0.752,2.505,0.0,0.0,0.0,0.0
16955.0,-18.62,-18.466,4.0,18.466,-2.505,-2.505,0.752,2.505,0.0,0.0,0.0,0.0
16995.0,-18.692,-18.534,4.0,18.534,-2.507,-2.506,0.752,2.506,0.0,0.0,0.0,0.0
17035.0,-18.778,-18.607,4.0,18.607,-2.501,-2.504,0.751,2.504,0.0,0.0,0.0,0.0
17075.0,-18.882,-18.689,4.0,18.689,-2.505,-2.505,0.751,2.505,0.0,0.0,0.0,0.0
17115.0,-19.019,-18.788,4.0,18.788,-2.512,-2.507,0.753,2.507,0.0,0.0,0.0,0.0
17155.0,-19.183,-18.907,4.0,18.907,-2.509,-2.507,0.753,2.507,0.0,0.0,0.0,0.0
17196.0,-19.422,-19.061,4.0,19.061,-2.505,-2.507,0.752,2.507,0.0,0.0,0.0,0.0
17235.0,-19.772,-19.274,4.0,19.274,-2.506,-2.506,0.752,2.506,0.0,0.0,0.0,0.0
17275.0,-20.214,-19.556,4.0,19.556,-2.502,-2.505,0.751,2.505,0.0,0.0,0.0,0.0
17315.0,-20.558,-19.857,4.0,19.857,-2.5,-2.503,0.749,2.503,0.0,0.0,0.0,0.0
17355.0,-20.697,-20.109,4.0,20.109,-2.499,-2.502,0.749,2.502,0.0,0.0,0.0,0.0
17395.0,-20.755,-20.303,4.0,20.303,-2.501,-2.502,0.749,2.502,0.0,0.0,0.0,0.0
17435.0,-20.838,-20.463,4.0,20.463,-2.5,-2.501,0.749,2.501,0.0,0.0,0.0,0.0
17474.0,-20.946,-20.608,4.0,20.608,-2.499,-2.5,0.749,2.5,0.0,0.0,0.0,0.0
17515.0,-21.066,-20.745,4.0,20.745,-2.503,-2.501,0.75,2.501,0.0,0.0,0.0,0.0
17555.0,-21.213,-20.886,4.0,20.886,-2.506,-2.503,0.751,2.503,0.0,0.0,0.0,0.0
17595.0,-21.374,-21.032,4.0,21.032,-2.509,-2.504,0.753,2.504,0.0,0.0,0.0,0.0
17635.0,-21.557,-21.19,4.0,21.19,-2.506,-2.505,0.753,2.505,0.0,0.0,0.0,0.0
17675.0,-21.77,-21.364,4.0,21.364,-2.504,-2.505,0.752,2.505,0.0,0.0,0.0,0.0
17715.0,-21.99,-21.552,4.0,21.552,-2.506,-2.505,0.752,2.505,0.0,0.0,0.0,0.0
17755.0,-22.162,-21.735,4.0,21.735,-2.506,-2.505,0.752,2.505,0.0,0.0,0.0,0.0
17795.0,-22.255,-21.891,4.0,21.891,-2.504,-2.505,0.752,2.505,0.0,0.0,0.0,0.0
17835.0,-22.328,-22.022,4.0,22.022,-2.506,-2.506,0.752,2.506,0.0,0.0,0.0,0.0
17875.0,-22.401,-22.136,4.0,22.136,-2.51,-2.507,0.753,2.507,0.0,0.0,0.0,0.0
17915.0,-22.469,-22.236,4.0,22.236,-2.507,-2.507,0.753,2.507,0.0,0.0,0.0,0.0
17955.0,-22.536,-22.326,4.0,22.326,-2.504,-2.506,0.752,2.506,0.0,0.0,0.0,0.0
17995.0,-22.592,-22.406,4.0,22.406,-2.504,-2.505,0.751,2.505,0.0,0.0,0.0,0.0
18035.0,-22.672,-22.486,4.0,22.486,-2.507,-2.506,0.752,2.506,0.0,0.0,0.0,0.0
18075.0,-22.753,-22.566,4.0,22.566,-2.51,-2.507,0.753,2.507,0.0,0.0,0.0,0.0
18116.0,-22.826,-22.644,4.0,22.644,-2.511,-2.508,0.754,2.508,0.0,0.0,0.0,0.0
18155.0,-22.897,-22.72,4.0,22.72,-2.515,-2.51,0.755,2.51,0.0,0.0,0.0,0.0
18195.0,-22.976,-22.797,4.0,22.797,-2.517,-2.512,0.756,2.512,0.0,0.0,0.0,0.0
18235.0,-23.06,-22.876,4.0,22.876,-2.515,-2.513,0.756,2.513,0.0,0.0,0.0,0.0
18275.0,-23.165,-22.963,4.0,22.963,-2.514,-2.513,0.756,2.513,0.0,0.0,0.0,0.0
18320.0,-23.29,-23.061,4.0,23.061,-2.51,-2.512,0.754,2.512,0.0,0.0,0.0,0.0
18358.0,-23.425,-23.17,4.0,23.17,-2.518,-2.514,0.756,2.514,0.0,0.0,0.0,0.0
18396.0,-23.588,-23.295,4.0,23.295,-2.516,-2.515,0.756,2.515,0.0,0.0,0.0,0.0
18435.0,-23.787,-23.443,4.0,23.443,-2.512,-2.514,0.755,2.514,0.0,0.0,0.0,0.0
18475.0,-24.062,-23.629,4.0,23.629,-2.516,-2.515,0.755,2.515,0.0,0.0,0.0,0.0
18515.0,-24.354,-23.846,4.0,23.846,-2.506,-2.512,0.753,2.512,0.0,0.0,0.0,0.0
18555.0,-24.528,-24.051,4.0,24.051,-2.503,-2.51,0.751,2.51,0.0,0.0,0.0,0.0
18595.0,-24.607,-24.218,4.0,24.218,-2.506,-2.508,0.75,2.508,0.0,0.0,0.0,0.0
18635.0,-24.666,-24.352,4.0,24.352,-2.504,-2.507,0.75,2.507,0.0,0.0,0.0,0.0
18675.0,-24.733,-24.466,4.0,24.466,-2.501,-2.505,0.749,2.505,0.0,0.0,0.0,0.0
18715.0,-24.813,-24.57,4.0,24.57,-2.505,-2.505,0.75,2.505,0.0,0.0,0.0,0.0
18755.0,-24.896,-24.668,4.0,24.668,-2.502,-2.504,0.749,2.504,0.0,0.0,0.0,0.0
18795.0,-24.951,-24.753,4.0,24.753,-2.508,-2.505,0.751,2.505,0.0,0.0,0.0,0.0
18835.0,-24.998,-24.826,4.0,24.826,-2.51,-2.507,0.752,2.507,0.0,0.0,0.0,0.0
18875.0,-25.082,-24.903,4.0,24.903,-2.507,-2.507,0.752,2.507,0.0,0.0,0.0,0.0
18915.0,-25.214,-24.996,4.0,24.996,-2.507,-2.507,0.752,2.507,0.0,0.0,0.0,0.0
18955.0,-25.371,-25.109,4.0,25.109,-2.505,-2.506,0.752,2.506,0.0,0.0,0.0,0.0
18995.0,-25.571,-25.247,4.0,25.247,-2.501,-2.505,0.75,2.505,0.0,0.0,0.0,0.0
19034.0,-25.751,-25.398,4.0,25.398,-2.502,-2.504,0.75,2.504,0.0,0.0,0.0,0.0
19075.0,-26.024,-25.586,4.0,25.586,-2.499,-2.502,0.749,2.502,0.0,0.0,0.0,0.0
19117.0,-26.337,-25.811,4.0,25.811,-2.499,-2.501,0.749,2.501,0.0,0.0,0.0,0.0
19155.0,-26.494,-26.016,4.0,26.016,-2.496,-2.5,0.748,2.5,0.0,0.0,0.0,0.0
19195.0,-26.572,-26.183,4.0,26.183,-2.49,-2.497,0.746,2.497,0.0,0.0,0.0,0.0
19235.0,-26.625,-26.316,4.0,26.316,-2.496,-2.497,0.746,2.497,0.0,0.0,0.0,0.0
19275.0,-26.694,-26.429,4.0,26.429,-2.494,-2.496,0.747,2.496,0.0,0.0,0.0,0.0
19313.0,-26.755,-26.527,4.0,26.527,-2.488,-2.493,0.745,2.493,0.0,0.0,0.0,0.0
19355.0,-26.829,-26.617,4.0,26.617,-2.49,-2.492,0.745,2.492,0.0,0.0,0.0,0.0
19397.0,-26.919,-26.708,4.0,26.708,-2.493,-2.493,0.746,2.493,0.0,0.0,0.0,0.0
19435.0,-26.985,-26.791,4.0,26.791,-2.491,-2.492,0.746,2.492,0.0,0.0,0.0,0.0
19475.0,-27.06,-26.872,4.0,26.872,-2.495,-2.493,0.747,2.493,0.0,0.0,0.0,0.0
19515.0,-27.147,-26.954,4.0,26.954,-2.491,-2.492,0.747,2.492,0.0,0.0,0.0,0.0
19555.0,-27.244,-27.041,4.0,27.041,-2.486,-2.49,0.745,2.49,0.0,0.0,0.0,0.0
19595.0,-27.342,-27.132,4.0,27.132,-2.492,-2.491,0.746,2.491,0.0,0.0,0.0,0.0
19634.0,-27.436,-27.223,4.0,27.223,-2.491,-2.491,0.747,2.491,0.0,0.0,0.0,0.0
19675.0,-27.591,-27.333,4.0,27.333,-2.486,-2.489,0.746,2.489,0.0,0.0,0.0,0.0
19715.0,-27.81,-27.476,4.0,27.476,-2.481,-2.487,0.744,2.487,0.0,0.0,0.0,0.0
19755.0,-28.139,-27.675,4.0,27.675,-2.486,-2.486,0.744,2.486,0.0,0.0,0.0,0.0
19797.0,-28.602,-27.953,4.0,27.953,-2.476,-2.483,0.742,2.483,0.0,0.0,0.0,0.0
19835.0,-28.818,-28.212,4.0,28.212,-2.477,-2.481,0.741,2.481,0.0,0.0,0.0,0.0
19875.0,-28.869,-28.41,4.0,28.41,-2.478,-2.48,0.741,2.48,0.0,0.0,0.0,0.0
19915.0,-28.921,-28.563,4.0,28.563,-2.48,-2.48,0.742,2.48,0.0,0.0,0.0,0.0
19954.0,-28.983,-28.689,4.0,28.689,-2.478,-2.48,0.742,2.48,0.0,0.0,0.0,0.0
19995.0,-29.092,-28.81,4.0,28.81,-2.482,-2.48,0.743,2.48,0.0,0.0,0.0,0.0
20035.0,-29.241,-28.939,4.0,28.939,-2.485,-2.482,0.745,2.482,0.0,0.0,0.0,0.0
20075.0,-29.426,-29.085,4.0,29.085,-2.485,-2.483,0.746,2.483,0.0,0.0,0.0,0.0
20117.0,-29.779,-29.294,4.0,29.294,-2.479,-2.482,0.744,2.482,0.0,0.0,0.0,0.0
20155.0,-30.26,-29.583,4.0,29.583,-2.468,-2.478,0.741,2.478,0.0,0.0,0.0,0.0
20194.0,-30.753,-29.934,4.0,29.934,-2.465,-2.474,0.738,2.474,0.0,0.0,0.0,0.0
20235.0,-31.283,-30.339,4.0,30.339,-2.459,-2.469,0.735,2.469,0.0,0.0,0.0,0.0
20276.0,-31.365,-30.647,4.0,30.647,-2.455,-2.465,0.733,2.465,0.0,0.0,0.0,0.0
20315.0,-31.355,-30.859,4.0,30.859,-2.451,-2.461,0.731,2.461,0.0,0.0,0.0,0.0
20359.0,-31.387,-31.018,4.0,31.018,-2.456,-2.459,0.732,2.459,0.0,0.0,0.0,0.0
20399.0,-31.435,-31.143,4.0,31.143,-2.45,-2.456,0.731,2.456,0.0,0.0,0.0,0.0
20437.0,-31.509,-31.253,4.0,31.253,-2.46,-2.457,0.734,2.457,0.0,0.0,0.0,0.0
20475.0,-31.602,-31.357,4.0,31.357,-2.455,-2.457,0.734,2.457,0.0,0.0,0.0,0.0
20515.0,-31.698,-31.46,4.0,31.46,-2.453,-2.456,0.734,2.456,0.0,0.0,0.0,0.0
20553.0,-31.783,-31.557,4.0,31.557,-2.455,-2.456,0.735,2.456,0.0,0.0,0.0,0.0
20595.0,-31.909,-31.662,4.0,31.662,-2.462,-2.457,0.737,2.457,0.0,0.0,0.0,0.0
20635.0,-32.066,-31.784,4.0,31.784,-2.459,-2.458,0.737,2.458,0.0,0.0,0.0,0.0
20675.0,-32.255,-31.925,4.0,31.925,-2.458,-2.458,0.737,2.458,0.0,0.0,0.0,0.0
20715.0,-32.486,-32.093,4.0,32.093,-2.458,-2.458,0.738,2.458,0.0,0.0,0.0,0.0
20755.0,-32.711,-32.278,4.0,32.278,-2.457,-2.458,0.737,2.458,0.0,0.0,0.0,0.0
20795.0,-32.888,-32.461,4.0,32.461,-2.455,-2.457,0.736,2.457,0.0,0.0,0.0,0.0
20835.0,-33.005,-32.624,4.0,32.624,-2.45,-2.455,0.735,2.455,0.0,0.0,0.0,0.0
20875.0,-33.084,-32.762,4.0,32.762,-2.454,-2.455,0.735,2.455,0.0,0.0,0.0,0.0
20915.0,-33.152,-32.879,4.0,32.879,-2.45,-2.453,0.734,2.453,0.0,0.0,0.0,0.0
20955.0,-33.244,-32.988,4.0,32.988,-2.444,-2.45,0.732,2.45,0.0,0.0,0.0,0.0
20995.0,-33.338,-33.093,4.0,33.093,-2.447,-2.449,0.732,2.449,0.0,0.0,0.0,0.0
21035.0,-33.417,-33.19,4.0,33.19,-2.45,-2.449,0.733,2.449,0.0,0.0,0.0,0.0
21075.0,-33.511,-33.287,4.0,33.287,-2.44,-2.447,0.731,2.447,0.0,0.0,0.0,0.0
21115.0,-33.62,-33.386,4.0,33.386,-2.437,-2.444,0.729,2.444,0.0,0.0,0.0,0.0
21155.0,-33.751,-33.496,4.0,33.496,-2.439,-2.442,0.729,2.442,0.0,0.0,0.0,0.0
21195.0,-33.917,-33.622,4.0,33.622,-2.432,-2.439,0.727,2.439,0.0,0.0,0.0,0.0
21235.0,-34.153,-33.782,4.0,33.782,-2.438,-2.439,0.728,2.439,0.0,0.0,0.0,0.0
21275.0,-34.458,-33.985,4.0,33.985,-2.426,-2.435,0.726,2.435,0.0,0.0,0.0,0.0
21315.0,-34.794,-34.227,4.0,34.227,-2.42,-2.43,0.723,2.43,0.0,0.0,0.0,0.0
21355.0,-35.016,-34.464,4.0,34.464,-2.423,-2.428,0.723,2.428,0.0,0.0,0.0,0.0
21395.0,-35.103,-34.656,4.0,34.656,-2.42,-2.425,0.722,2.425,0.0,0.0,0.0,0.0
21435.0,-35.152,-34.805,4.0,34.805,-2.417,-2.423,0.722,2.423,0.0,0.0,0.0,0.0
21474.0,-35.224,-34.93,4.0,34.93,-2.422,-2.423,0.723,2.423,0.0,0.0,0.0,0.0
21515.0,-35.293,-35.039,4.0,35.039,-2.418,-2.421,0.723,2.421,0.0,0.0,0.0,0.0
21555.0,-35.356,-35.134,4.0,35.134,-2.416,-2.42,0.722,2.42,0.0,0.0,0.0,0.0
21595.0,-35.427,-35.222,4.0,35.222,-2.416,-2.419,0.723,2.419,0.0,0.0,0.0,0.0
21635.0,-35.519,-35.311,4.0,35.311,-2.408,-2.416,0.721,2.416,0.0,0.0,0.0,0.0
21675.0,-35.611,-35.401,4.0,35.401,-2.417,-2.416,0.722,2.416,0.0,0.0,0.0,0.0
21715.0,-35.693,-35.489,4.0,35.489,-2.419,-2.417,0.724,2.417,0.0,0.0,0.0,0.0
21755.0,-35.775,-35.575,4.0,35.575,-2.42,-2.418,0.725,2.418,0.0,0.0,0.0,0.0
21794.0,-35.928,-35.681,4.0,35.681,-2.414,-2.417,0.724,2.417,0.0,0.0,0.0,0.0
21835.0,-36.119,-35.812,4.0,35.812,-2.407,-2.414,0.722,2.414,0.0,0.0,0.0,0.0
21875.0,-34.846,-35.523,4.0,35.523,-2.504,-2.441,0.747,2.441,0.0,0.0,0.0,0.0
21915.0,-31.046,-34.18,4.0,34.18,-2.591,-2.486,0.783,2.486,0.0,0.0,0.0,0.0
21955.0,-25.449,-31.561,4.0,31.561,-2.697,-2.549,0.829,2.549,0.0,0.0,0.0,0.0
21995.0,-18.685,-27.698,4.0,27.698,-2.792,-2.622,0.875,2.622,0.0,0.0,0.0,0.0
22035.0,-11.262,-22.767,4.0,22.767,-2.85,-2.69,0.91,2.69,0.0,0.0,0.0,0.0
22075.0,-4.129,-17.176,4.0,17.176,-2.917,-2.758,0.94,2.758,0.0,0.0,0.0,0.0
22116.0,1.902,-11.452,2.058,11.452,-3.012,-2.834,0.974,2.834,0.0,0.0,0.0,0.0
22155.0,6.616,-6.032,-4.0,6.032,-3.066,-2.904,1.0,2.904,0.0,0.0,0.0,0.0
22195.0,9.105,-1.491,-4.0,1.491,-3.099,-2.962,1.014,2.962,0.0,0.0,0.0,0.0
22235.0,9.006,1.658,-4.0,-1.658,-3.147,-3.018,1.026,3.018,0.0,0.0,0.0,0.0
22275.0,7.476,3.404,-4.0,-3.404,-3.155,-3.059,1.027,3.059,0.0,0.0,0.0,0.0
22315.0,5.567,4.053,-4.0,-4.053,-3.205,-3.103,1.034,3.103,0.0,0.0,0.0,0.0
22355.0,3.762,3.966,-4.0,-3.966,-3.236,-3.143,1.039,3.143,0.0,0.0,0.0,0.0
22400.0,2.428,3.504,-4.0,-3.504,-3.243,-3.173,1.035,3.173,0.0,0.0,0.0,0.0
22440.0,2.449,3.188,-4.0,-3.188,-3.247,-3.195,1.03,3.195,0.0,0.0,0.0,0.0
22479.0,2.878,3.095,-4.0,-3.095,-3.25,-3.212,1.024,3.212,0.0,0.0,0.0,0.0
22517.0,2.935,3.047,-4.0,-3.047,-3.248,-3.222,1.016,3.222,0.0,0.0,0.0,0.0
22555.0,2.865,2.992,-4.0,-2.992,-3.249,-3.231,1.009,3.231,0.0,0.0,0.0,0.0
22594.0,2.906,2.966,-4.0,-2.966,-3.249,-3.236,1.002,3.236,0.0,0.0,0.0,0.0
22635.0,2.891,2.944,-4.0,-2.944,-3.249,-3.24,0.996,3.24,0.0,0.0,0.0,0.0
22675.0,2.901,2.931,-4.0,-2.931,-3.251,-3.243,0.992,3.243,0.0,0.0,0.0,0.0
22715.0,2.892,2.919,-4.0,-2.919,-3.248,-3.245,0.988,3.245,0.0,0.0,0.0,0.0
22755.0,2.896,2.912,-4.0,-2.912,-3.254,-3.248,0.986,3.248,0.0,0.0,0.0,0.0
22795.0,2.89,2.906,-4.0,-2.906,-3.257,-3.251,0.985,3.251,0.0,0.0,0.0,0.0
22836.0,2.894,2.902,-4.0,-2.902,-3.263,-3.254,0.985,3.254,0.0,0.0,0.0,0.0
22875.0,2.725,2.849,-4.0,-2.849,-3.178,-3.231,0.962,3.231,0.0,0.0,0.0,0.0
22916.0,2.704,2.806,-4.0,-2.806,-3.174,-3.214,0.949,3.214,0.0,0.0,0.0,0.0
22956.0,2.702,2.775,-4.0,-2.775,-3.176,-3.203,0.943,3.203,0.0,0.0,0.0,0.0
22995.0,2.675,2.745,-4.0,-2.745,-3.16,-3.19,0.937,3.19,0.0,0.0,0.0,0.0
23035.0,2.66,2.719,-4.0,-2.719,-3.153,-3.179,0.933,3.179,0.0,0.0,0.0,0.0
23075.0,2.648,2.698,-4.0,-2.698,-3.152,-3.171,0.932,3.171,0.0,0.0,0.0,0.0
23115.0,2.621,2.675,-4.0,-2.675,-3.136,-3.16,0.928,3.16,0.0,0.0,0.0,0.0
23156.0,2.598,2.652,-4.0,-2.652,-3.126,-3.15,0.925,3.15,0.0,0.0,0.0,0.0
23195.0,2.578,2.63,-4.0,-2.63,-3.122,-3.142,0.923,3.142,0.0,0.0,0.0,0.0
23235.0,2.563,2.609,-4.0,-2.609,-3.115,-3.133,0.922,3.133,0.0,0.0,0.0,0.0
23275.0,2.552,2.592,-4.0,-2.592,-3.113,-3.127,0.922,3.127,0.0,0.0,0.0,0.0
23314.0,2.541,2.577,-4.0,-2.577,-3.112,-3.123,0.922,3.123,0.0,0.0,0.0,0.0
23354.0,2.536,2.565,-4.0,-2.565,-3.107,-3.118,0.922,3.118,0.0,0.0,0.0,0.0
23395.0,2.532,2.555,-4.0,-2.555,-3.102,-3.113,0.922,3.113,0.0,0.0,0.0,0.0
23435.0,2.508,2.541,-4.0,-2.541,-3.091,-3.106,0.92,3.106,0.0,0.0,0.0,0.0
23475.0,2.503,2.53,-4.0,-2.53,-3.087,-3.1,0.918,3.1,0.0,0.0,0.0,0.0
23515.0,2.488,2.517,-4.0,-2.517,-3.08,-3.094,0.916,3.094,0.0,0.0,0.0,0.0
23555.0,2.477,2.505,-4.0,-2.505,-3.078,-3.089,0.915,3.089,0.0,0.0,0.0,0.0
23595.0,2.457,2.491,-4.0,-2.491,-3.074,-3.085,0.915,3.085,0.0,0.0,0.0,0.0
23634.0,2.452,2.479,-4.0,-2.479,-3.069,-3.08,0.914,3.08,0.0,0.0,0.0,0.0
23674.0,2.447,2.469,-4.0,-2.469,-3.064,-3.075,0.912,3.075,0.0,0.0,0.0,0.0
23714.0,2.428,2.457,-4.0,-2.457,-3.06,-3.071,0.911,3.071,0.0,0.0,0.0,0.0
23755.0,2.416,2.445,-4.0,-2.445,-3.058,-3.067,0.911,3.067,0.0,0.0,0.0,0.0
23794.0,2.416,2.436,-4.0,-2.436,-3.059,-3.064,0.911,3.064,0.0,0.0,0.0,0.0
23834.0,2.404,2.427,-4.0,-2.427,-3.058,-3.062,0.912,3.062,0.0,0.0,0.0,0.0
23875.0,2.403,2.42,-4.0,-2.42,-3.058,-3.061,0.913,3.061,0.0,0.0,0.0,0.0
23915.0,2.396,2.412,-4.0,-2.412,-3.063,-3.062,0.915,3.062,0.0,0.0,0.0,0.0
23954.0,2.391,2.406,-4.0,-2.406,-3.058,-3.061,0.915,3.061,0.0,0.0,0.0,0.0
23994.0,2.396,2.403,-4.0,-2.403,-3.055,-3.059,0.915,3.059,0.0,0.0,0.0,0.0
24034.0,2.383,2.397,-4.0,-2.397,-3.047,-3.055,0.912,3.055,0.0,0.0,0.0,0.0
24075.0,2.378,2.391,-4.0,-2.391,-3.042,-3.051,0.91,3.051,0.0,0.0,0.0,0.0
24114.0,2.367,2.384,-4.0,-2.384,-3.041,-3.048,0.909,3.048,0.0,0.0,0.0,0.0
24154.0,2.353,2.375,-4.0,-2.375,-3.033,-3.044,0.906,3.044,0.0,0.0,0.0,0.0
24194.0,2.342,2.365,-4.0,-2.365,-3.031,-3.04,0.905,3.04,0.0,0.0,0.0,0.0
24234.0,2.341,2.358,-4.0,-2.358,-3.032,-3.038,0.905,3.038,0.0,0.0,0.0,0.0
24274.0,2.327,2.349,-4.0,-2.349,-3.024,-3.033,0.903,3.033,0.0,0.0,0.0,0.0
24314.0,2.317,2.339,-4.0,-2.339,-3.022,-3.03,0.902,3.03,0.0,0.0,0.0,0.0
24354.0,2.307,2.329,-4.0,-2.329,-3.02,-3.027,0.902,3.027,0.0,0.0,0.0,0.0
24394.0,2.293,2.318,-4.0,-2.318,-3.012,-3.022,0.899,3.022,0.0,0.0,0.0,0.0
24440.0,2.292,2.31,-4.0,-2.31,-3.013,-3.02,0.899,3.02,0.0,0.0,0.0,0.0
24480.0,2.29,2.304,-4.0,-2.304,-3.014,-3.018,0.9,3.018,0.0,0.0,0.0,0.0
24519.0,2.285,2.299,-4.0,-2.299,-3.009,-3.015,0.899,3.015,0.0,0.0,0.0,0.0
24557.0,2.284,2.294,-4.0,-2.294,-3.01,-3.014,0.899,3.014,0.0,0.0,0.0,0.0
24593.0,2.283,2.291,-4.0,-2.291,-3.011,-3.013,0.9,3.013,0.0,0.0,0.0,0.0
24634.0,2.282,2.288,-4.0,-2.288,-3.012,-3.013,0.901,3.013,0.0,0.0,0.0,0.0
24674.0,2.278,2.285,-4.0,-2.285,-3.006,-3.011,0.9,3.011,0.0,0.0,0.0,0.0
24714.0,2.271,2.281,-4.0,-2.281,-3.01,-3.01,0.901,3.01,0.0,0.0,0.0,0.0
24754.0,2.27,2.277,-4.0,-2.277,-3.011,-3.011,0.902,3.011,0.0,0.0,0.0,0.0
24794.0,2.269,2.275,-4.0,-2.275,-3.012,-3.011,0.902,3.011,0.0,0.0,0.0,0.0
24834.0,2.264,2.272,-4.0,-2.272,-3.007,-3.01,0.901,3.01,0.0,0.0,0.0,0.0
24874.0,2.254,2.266,-4.0,-2.266,-3.004,-3.008,0.9,3.008,0.0,0.0,0.0,0.0
24914.0,2.244,2.26,-4.0,-2.26,-3.002,-3.006,0.899,3.006,0.0,0.0,0.0,0.0
24954.0,2.234,2.252,-4.0,-2.252,-3.0,-3.004,0.898,3.004,0.0,0.0,0.0,0.0
